Timestamp,PPXDK00 |FO 380 CST 3.5%S FOB SPORE CARGO(USD/MT) : CLOSE,PPXDK00 |FO 380 CST 3.5%S FOB SPORE CARGO(USD/MT) : HIGH,PPXDK00 |FO 380 CST 3.5%S FOB SPORE CARGO(USD/MT) : LOW
10/17/2025,361.2,361.22,361.18
10/16/2025,369.96,369.98,369.94
10/15/2025,368.59,368.61,368.57
10/14/2025,363.28,363.3,363.26
10/13/2025,374.79,374.81,374.77
10/10/2025,382.63,382.65,382.61
10/9/2025,393.21,393.23,393.19
10/8/2025,395.16,395.18,395.14
10/7/2025,392.33,392.35,392.31
10/6/2025,387.56,387.58,387.54
10/3/2025,383.18,383.2,383.16
10/2/2025,391.21,391.23,391.19
10/1/2025,397.91,397.93,397.89
9/30/2025,400.82,400.84,400.8
9/29/2025,411.03,411.05,411.01
9/26/2025,412.93,412.95,412.91
9/25/2025,407.29,407.31,407.27
9/24/2025,406.75,406.77,406.73
9/23/2025,395.37,395.39,395.35
9/22/2025,393.53,393.55,393.51
9/19/2025,391.64,391.66,391.62
9/18/2025,397.47,397.49,397.45
9/17/2025,397.72,397.74,397.7
9/16/2025,393.36,393.38,393.34
9/15/2025,392.54,392.56,392.52
9/12/2025,384.59,384.61,384.57
9/11/2025,393.09,393.11,393.07
9/10/2025,396.3,396.32,396.28
9/9/2025,396.88,396.9,396.86
9/8/2025,389.16,389.18,389.14
9/5/2025,388.6,388.62,388.58
9/4/2025,387.14,387.16,387.12
9/3/2025,396.17,396.19,396.15
9/2/2025,400.91,400.93,400.89
9/1/2025,398.62,398.64,398.6
8/29/2025,400.85,400.87,400.83
8/28/2025,392.92,392.94,392.9
8/27/2025,392.37,392.39,392.35
8/26/2025,396.53,396.55,396.51
8/25/2025,398.18,398.2,398.16
8/22/2025,390.51,390.53,390.49
8/21/2025,387.45,387.47,387.43
8/20/2025,387.05,387.07,387.03
8/19/2025,383.48,383.5,383.46
8/18/2025,387.78,387.8,387.76
8/15/2025,387.96,387.98,387.94
8/14/2025,388.14,388.16,388.12
8/13/2025,388.46,388.48,388.44
8/12/2025,396.59,396.61,396.57
8/11/2025,392.53,392.55,392.51
8/8/2025,402.26,402.28,402.24
8/7/2025,403.54,403.56,403.52
8/6/2025,406.62,406.64,406.6
8/5/2025,406.41,406.43,406.39
8/4/2025,404.52,404.54,404.5
8/1/2025,412.88,412.9,412.86
7/31/2025,411.4,411.42,411.38
7/30/2025,412.47,412.49,412.45
7/29/2025,404.23,404.25,404.21
7/28/2025,398.29,398.31,398.27
7/25/2025,403.24,403.26,403.22
7/24/2025,401.2,401.22,401.18
7/23/2025,398.98,399,398.96
7/22/2025,401.13,401.15,401.11
7/21/2025,403.8,403.82,403.78
7/18/2025,403.48,403.5,403.46
7/17/2025,395.67,395.69,395.65
7/16/2025,399.16,399.18,399.14
7/15/2025,397.93,397.95,397.91
7/14/2025,402.65,402.67,402.63
7/11/2025,404.15,404.17,404.13
7/10/2025,418.7,418.72,418.68
7/9/2025,420.51,420.53,420.49
7/8/2025,416.16,416.18,416.14
7/7/2025,406.71,406.73,406.69
7/4/2025,407.67,407.69,407.65
7/3/2025,406.75,406.77,406.73
7/2/2025,406.66,406.68,406.64
7/1/2025,403.89,403.91,403.87
6/30/2025,419.41,419.43,419.39
6/27/2025,417.52,417.54,417.5
6/26/2025,427.65,427.67,427.63
6/25/2025,423.72,423.74,423.7
6/24/2025,430.94,430.96,430.92
6/23/2025,476.08,476.1,476.06
6/20/2025,479.32,479.34,479.3
6/19/2025,485.23,485.25,485.21
6/18/2025,486.68,486.7,486.66
6/17/2025,486.18,486.2,486.16
6/16/2025,483.42,483.44,483.4
6/13/2025,474.17,474.19,474.15
6/12/2025,445.98,446,445.96
6/11/2025,435.65,435.67,435.63
6/10/2025,442.58,442.6,442.56
6/9/2025,435.04,435.06,435.02
6/6/2025,431.06,431.08,431.04
6/5/2025,434.41,434.43,434.39
6/4/2025,433.48,433.5,433.46
6/3/2025,423.24,423.26,423.22
6/2/2025,415.09,415.11,415.07
5/30/2025,420.31,420.33,420.29
5/29/2025,434.66,434.68,434.64
5/28/2025,428.38,428.4,428.36
5/27/2025,420.45,420.47,420.43
5/26/2025,428.53,428.55,428.51
5/23/2025,431.41,431.43,431.39
5/22/2025,431.31,431.33,431.29
5/21/2025,442.97,442.99,442.95
5/20/2025,434.7,434.72,434.68
5/19/2025,431.25,431.27,431.23
5/16/2025,431.98,432,431.96
5/15/2025,426.02,426.04,426
5/14/2025,433.88,433.9,433.86
5/13/2025,428.77,428.79,428.75
5/9/2025,412.89,412.91,412.87
5/8/2025,402.42,402.44,402.4
5/7/2025,404.2,404.22,404.18
5/6/2025,395.7,395.72,395.68
5/5/2025,386.38,386.4,386.36
5/2/2025,398.37,398.39,398.35
4/30/2025,409.16,409.18,409.14
4/29/2025,416.73,416.75,416.71
4/28/2025,423.46,423.48,423.44
4/25/2025,425.99,426.01,425.97
4/24/2025,423.58,423.6,423.56
4/23/2025,437.35,437.37,437.33
4/22/2025,423.88,423.9,423.86
4/21/2025,417.37,417.39,417.35
4/17/2025,419.27,419.29,419.25
4/16/2025,413.69,413.71,413.67
4/15/2025,417.25,417.27,417.23
4/14/2025,413.19,413.21,413.17
4/11/2025,399.85,399.87,399.83
4/10/2025,392.53,392.55,392.51
4/9/2025,376.71,376.73,376.69
4/8/2025,397.89,397.91,397.87
4/7/2025,392.13,392.15,392.11
4/4/2025,415.83,415.85,415.81
4/3/2025,445.63,445.65,445.61
4/2/2025,452.13,452.15,452.11
4/1/2025,453.3,453.32,453.28
3/28/2025,455.55,455.57,455.53
3/27/2025,455.31,455.33,455.29
3/26/2025,457.1,457.12,457.08
3/25/2025,459.16,459.18,459.14
3/24/2025,454.42,454.44,454.4
3/21/2025,454.63,454.65,454.61
3/20/2025,451.87,451.89,451.85
3/19/2025,444.83,444.85,444.81
3/18/2025,454.59,454.61,454.57
3/17/2025,456.26,456.28,456.24
3/14/2025,458.3,458.32,458.28
3/13/2025,461.8,461.82,461.78
3/12/2025,457.22,457.24,457.2
3/11/2025,457.44,457.46,457.42
3/10/2025,468.32,468.34,468.3
3/7/2025,464.42,464.44,464.4
3/6/2025,453.46,453.48,453.44
3/5/2025,445.39,445.41,445.37
3/4/2025,447.99,448.01,447.97
3/3/2025,478.3,478.32,478.28
2/28/2025,475.15,475.17,475.13
2/27/2025,479.81,479.83,479.79
2/26/2025,470.63,470.65,470.61
2/25/2025,481.88,481.9,481.86
2/24/2025,480.62,480.64,480.6
2/21/2025,491.67,491.69,491.65
2/20/2025,490.17,490.19,490.15
2/19/2025,485.82,485.84,485.8
2/18/2025,480.77,480.79,480.75
2/17/2025,476.47,476.49,476.45
2/14/2025,483.94,483.96,483.92
2/13/2025,483.62,483.64,483.6
2/12/2025,496.25,496.27,496.23
2/11/2025,500.5,500.52,500.48
2/10/2025,490.63,490.65,490.61
2/7/2025,487.62,487.64,487.6
2/6/2025,479.28,479.3,479.26
2/5/2025,484.83,484.85,484.81
2/4/2025,471.53,471.55,471.51
2/3/2025,482.48,482.5,482.46
1/31/2025,483.82,483.84,483.8
1/28/2025,480.32,480.34,480.3
1/27/2025,481.98,482,481.96
1/24/2025,488.99,489.01,488.97
1/23/2025,488.19,488.21,488.17
1/22/2025,487.05,487.07,487.03
1/21/2025,493.85,493.87,493.83
1/20/2025,494.91,494.93,494.89
1/17/2025,494.58,494.6,494.56
1/16/2025,491.7,491.72,491.68
1/15/2025,476.8,476.82,476.78
1/14/2025,477.67,477.69,477.65
1/13/2025,486.7,486.72,486.68
1/10/2025,458.25,458.27,458.23
1/9/2025,451.1,451.12,451.08
1/8/2025,451.54,451.56,451.52
1/7/2025,443.31,443.33,443.29
1/6/2025,450.48,450.5,450.46
1/3/2025,454.69,454.71,454.67
1/2/2025,449.94,449.96,449.92
12/31/2024,451.3,451.32,451.28
12/30/2024,444.64,444.66,444.62
12/27/2024,442.16,442.18,442.14
12/26/2024,442.76,442.78,442.74
12/24/2024,440.33,440.35,440.31
12/23/2024,440.86,440.88,440.84
12/20/2024,438.69,438.71,438.67
12/19/2024,440.4,440.42,440.38
12/18/2024,441.94,441.96,441.92
12/17/2024,436.91,436.93,436.89
12/16/2024,443.08,443.1,443.06
12/13/2024,434.02,434.04,434
12/12/2024,433.93,433.95,433.91
12/11/2024,423.8,423.82,423.78
12/10/2024,423.84,423.86,423.82
12/9/2024,425.82,425.84,425.8
12/6/2024,427.89,427.91,427.87
12/5/2024,429.6,429.62,429.58
12/4/2024,441.07,441.09,441.05
12/3/2024,440.94,440.96,440.92
12/2/2024,450.15,450.17,450.13
11/29/2024,452.34,452.36,452.32
11/28/2024,447.49,447.51,447.47
11/27/2024,447.36,447.38,447.34
11/26/2024,444.48,444.5,444.46
11/25/2024,445.65,445.67,445.63
11/22/2024,452.32,452.34,452.3
11/21/2024,439.27,439.29,439.25
11/20/2024,441.6,441.62,441.58
11/19/2024,435.43,435.45,435.41
11/18/2024,429.09,429.11,429.07
11/15/2024,434.93,434.95,434.91
11/14/2024,445.58,445.6,445.56
11/13/2024,440.43,440.45,440.41
11/12/2024,435.37,435.39,435.35
11/11/2024,445.12,445.14,445.1
11/8/2024,444.56,444.58,444.54
11/7/2024,442.35,442.37,442.33
11/6/2024,442.8,442.82,442.78
11/5/2024,448.15,448.17,448.13
11/4/2024,443.75,443.77,443.73
11/1/2024,452.47,452.49,452.45
10/30/2024,445.41,445.43,445.39
10/29/2024,441.77,441.79,441.75
10/28/2024,444.75,444.77,444.73
10/25/2024,455.53,455.55,455.51
10/24/2024,461.83,461.85,461.81
10/23/2024,459.13,459.15,459.11
10/22/2024,441.27,441.29,441.25
10/21/2024,435.08,435.1,435.06
10/18/2024,439.94,439.96,439.92
10/17/2024,436.27,436.29,436.25
10/16/2024,433.83,433.85,433.81
10/15/2024,433.32,433.34,433.3
10/14/2024,454.3,454.32,454.28
10/11/2024,454.82,454.84,454.8
10/10/2024,446.51,446.53,446.49
10/9/2024,443.44,443.46,443.42
10/8/2024,444.45,444.47,444.43
10/7/2024,444.43,444.45,444.41
10/4/2024,444.7,444.72,444.68
10/3/2024,416.57,416.59,416.55
10/2/2024,425.19,425.21,425.17
10/1/2024,390.33,390.35,390.31
9/30/2024,412.36,412.38,412.34
9/27/2024,408.1,408.12,408.08
9/26/2024,407.06,407.08,407.04
9/25/2024,422.39,422.41,422.37
9/24/2024,426.64,426.66,426.62
9/23/2024,434.08,434.1,434.06
9/20/2024,437.28,437.3,437.26
9/19/2024,430.12,430.14,430.1
9/18/2024,422.25,422.27,422.23
9/17/2024,421.59,421.61,421.57
9/16/2024,415.29,415.31,415.27
9/13/2024,420.4,420.42,420.38
9/12/2024,417.19,417.21,417.17
9/11/2024,411.67,411.69,411.65
9/10/2024,409.08,409.1,409.06
9/9/2024,408.63,408.65,408.61
9/6/2024,406.21,406.23,406.19
9/5/2024,409.27,409.29,409.25
9/4/2024,414.08,414.1,414.06
9/3/2024,429.24,429.26,429.22
9/2/2024,431.69,431.71,431.67
8/30/2024,444.19,444.21,444.17
8/29/2024,438.01,438.03,437.99
8/28/2024,440.7,440.72,440.68
8/27/2024,454.61,454.63,454.59
8/26/2024,450.87,450.89,450.85
8/23/2024,440.43,440.45,440.41
8/22/2024,433.02,433.04,433
8/21/2024,438.5,438.52,438.48
8/20/2024,434.85,434.87,434.83
8/19/2024,447.19,447.21,447.17
8/16/2024,457.6,457.62,457.58
8/15/2024,455.94,455.96,455.92
8/14/2024,460.67,460.69,460.65
8/13/2024,467.31,467.33,467.29
8/12/2024,465.46,465.48,465.44
8/8/2024,459.89,459.91,459.87
8/7/2024,449.59,449.61,449.57
8/6/2024,445.39,445.41,445.37
8/5/2024,442.26,442.28,442.24
8/2/2024,465.83,465.85,465.81
8/1/2024,475.5,475.52,475.48
7/31/2024,474.2,474.22,474.18
7/30/2024,475.54,475.56,475.52
7/29/2024,481.96,481.98,481.94
7/26/2024,488.08,488.1,488.06
7/25/2024,482.34,482.36,482.32
7/24/2024,485.71,485.73,485.69
7/23/2024,488.9,488.92,488.88
7/22/2024,483.94,483.96,483.92
7/19/2024,502.9,502.92,502.88
7/18/2024,503.24,503.26,503.22
7/17/2024,503.2,503.22,503.18
7/16/2024,503.89,503.91,503.87
7/15/2024,506.66,506.68,506.64
7/12/2024,513.9,513.92,513.88
7/11/2024,513.2,513.22,513.18
7/10/2024,509.01,509.03,508.99
7/9/2024,514.38,514.4,514.36
7/8/2024,519.62,519.64,519.6
7/5/2024,526.09,526.11,526.07
7/4/2024,516.96,516.98,516.94
7/3/2024,510.61,510.63,510.59
7/2/2024,511.7,511.72,511.68
7/1/2024,506.62,506.64,506.6
6/28/2024,510.66,510.68,510.64
6/27/2024,507.74,507.76,507.72
6/26/2024,503.67,503.69,503.65
6/25/2024,508.6,508.62,508.58
6/24/2024,509.26,509.28,509.24
6/21/2024,510.91,510.93,510.89
6/20/2024,515.79,515.81,515.77
6/19/2024,515.19,515.21,515.17
6/18/2024,502.1,502.12,502.08
6/14/2024,497.18,497.2,497.16
6/13/2024,497.8,497.82,497.78
6/12/2024,501.88,501.9,501.86
6/11/2024,497.66,497.68,497.64
6/10/2024,482.33,482.35,482.31
6/7/2024,481.64,481.66,481.62
6/6/2024,481.12,481.14,481.1
6/5/2024,483.41,483.43,483.39
6/4/2024,494.22,494.24,494.2
6/3/2024,505.57,505.59,505.55
5/31/2024,504.25,504.27,504.23
5/30/2024,509.63,509.65,509.61
5/29/2024,517.6,517.62,517.58
5/28/2024,511.45,511.47,511.43
5/27/2024,499.88,499.9,499.86
5/24/2024,493.25,493.27,493.23
5/23/2024,495.86,495.88,495.84
5/21/2024,512.67,512.69,512.65
5/20/2024,507.99,508.01,507.97
5/17/2024,497.44,497.46,497.42
5/16/2024,493.28,493.3,493.26
5/15/2024,494.47,494.49,494.45
5/14/2024,492.34,492.36,492.32
5/13/2024,494.43,494.45,494.41
5/10/2024,506.45,506.47,506.43
5/9/2024,505.28,505.3,505.26
5/8/2024,497.7,497.72,497.68
5/7/2024,507.15,507.17,507.13
5/6/2024,503.06,503.08,503.04
5/3/2024,500.15,500.17,500.13
5/2/2024,509.44,509.46,509.42
4/30/2024,515.15,515.17,515.13
4/29/2024,507.52,507.54,507.5
4/26/2024,509.4,509.42,509.38
4/25/2024,506,506.02,505.98
4/24/2024,496.78,496.8,496.76
4/23/2024,497.75,497.77,497.73
4/22/2024,489.36,489.38,489.34
4/19/2024,499.21,499.23,499.19
4/18/2024,495.32,495.34,495.3
4/17/2024,500.5,500.52,500.48
4/16/2024,500.33,500.35,500.31
4/15/2024,490.35,490.37,490.33
4/12/2024,492.18,492.2,492.16
4/11/2024,489.81,489.83,489.79
4/9/2024,491.9,491.92,491.88
4/8/2024,489.48,489.5,489.46
4/5/2024,491.82,491.84,491.8
4/4/2024,480.71,480.73,480.69
4/3/2024,481.11,481.13,481.09
4/2/2024,479.42,479.44,479.4
4/1/2024,475.41,475.43,475.39
3/28/2024,472.31,472.33,472.29
3/27/2024,470.97,470.99,470.95
3/26/2024,476.65,476.67,476.63
3/25/2024,473.14,473.16,473.12
3/22/2024,470.15,470.17,470.13
3/21/2024,471.87,471.89,471.85
3/20/2024,475.63,475.65,475.61
3/19/2024,475.48,475.5,475.46
3/18/2024,476.07,476.09,476.05
3/15/2024,466.4,466.42,466.38
3/14/2024,464.52,464.54,464.5
3/13/2024,452.02,452.04,452
3/12/2024,450.51,450.53,450.49
3/11/2024,445.17,445.19,445.15
3/8/2024,457.22,457.24,457.2
3/7/2024,448.6,448.62,448.58
3/6/2024,443.7,443.72,443.68
3/5/2024,436.46,436.48,436.44
3/4/2024,438.46,438.48,438.44
3/1/2024,427.42,427.44,427.4
2/29/2024,422.07,422.09,422.05
2/28/2024,421.71,421.73,421.69
2/27/2024,426.66,426.68,426.64
2/26/2024,420.94,420.96,420.92
2/23/2024,425.38,425.4,425.36
2/22/2024,432.43,432.45,432.41
2/21/2024,426.59,426.61,426.57
2/20/2024,428.7,428.72,428.68
2/19/2024,427.26,427.28,427.24
2/16/2024,429.31,429.33,429.29
2/15/2024,417.96,417.98,417.94
2/14/2024,434.85,434.87,434.83
2/13/2024,434.23,434.25,434.21
2/9/2024,435.46,435.48,435.44
2/8/2024,425.32,425.34,425.3
2/7/2024,421.76,421.78,421.74
2/6/2024,420.91,420.93,420.89
2/5/2024,416.51,416.53,416.49
2/2/2024,414.68,414.7,414.66
2/1/2024,415.85,415.87,415.83
1/31/2024,442.71,442.73,442.69
1/30/2024,443.44,443.46,443.42
1/29/2024,446.46,446.48,446.44
1/26/2024,435.2,435.22,435.18
1/25/2024,424.92,424.94,424.9
1/24/2024,418.44,418.46,418.42
1/23/2024,428.25,428.27,428.23
1/22/2024,416.8,416.82,416.78
1/19/2024,427.28,427.3,427.26
1/18/2024,421.38,421.4,421.36
1/17/2024,424.31,424.33,424.29
1/16/2024,423.37,423.39,423.35
1/15/2024,424.21,424.23,424.19
1/12/2024,422.49,422.51,422.47
1/11/2024,424.06,424.08,424.04
1/10/2024,430.06,430.08,430.04
1/9/2024,430.18,430.2,430.16
1/8/2024,436.98,437,436.96
1/5/2024,449.8,449.82,449.78
1/4/2024,459.05,459.07,459.03
1/3/2024,440.98,441,440.96
1/2/2024,440.15,440.17,440.13
12/29/2023,426.43,426.45,426.41
12/28/2023,438.78,438.8,438.76
12/27/2023,450.5,450.52,450.48
12/26/2023,441.36,441.38,441.34
12/22/2023,448.25,448.27,448.23
12/21/2023,444.44,444.46,444.42
12/20/2023,443.47,443.49,443.45
12/19/2023,429.11,429.13,429.09
12/18/2023,425.67,425.69,425.65
12/15/2023,427.59,427.61,427.57
12/14/2023,423.38,423.4,423.36
12/13/2023,413.41,413.43,413.39
12/12/2023,428.34,428.36,428.32
12/11/2023,424.6,424.62,424.58
12/8/2023,411.64,411.66,411.62
12/7/2023,403.42,403.44,403.4
12/6/2023,425.77,425.79,425.75
12/5/2023,438.68,438.7,438.66
12/4/2023,434.33,434.35,434.31
12/1/2023,447.15,447.17,447.13
11/30/2023,461.94,461.96,461.92
11/29/2023,453.13,453.15,453.11
11/28/2023,440.28,440.3,440.26
11/27/2023,431.79,431.81,431.77
11/24/2023,439.5,439.52,439.48
11/23/2023,439.17,439.19,439.15
11/22/2023,449.84,449.86,449.82
11/21/2023,441.79,441.81,441.77
11/20/2023,443.84,443.86,443.82
11/17/2023,426.48,426.5,426.46
11/16/2023,437.8,437.82,437.78
11/15/2023,440.12,440.14,440.1
11/14/2023,434.39,434.41,434.37
11/10/2023,430.81,430.83,430.79
11/9/2023,428.5,428.52,428.48
11/8/2023,428.5,428.52,428.48
11/7/2023,438.67,438.69,438.65
11/6/2023,455.61,455.63,455.59
11/3/2023,462.22,462.24,462.2
11/2/2023,451.26,451.28,451.24
11/1/2023,440.09,440.11,440.07
10/31/2023,441.03,441.05,441.01
10/30/2023,445.45,445.47,445.43
10/27/2023,456.08,456.1,456.06
10/26/2023,458.54,458.56,458.52
10/25/2023,452.72,452.74,452.7
10/24/2023,460.7,460.72,460.68
10/23/2023,470.61,470.63,470.59
10/20/2023,486.3,486.32,486.28
10/19/2023,477.07,477.09,477.05
10/18/2023,486.5,486.52,486.48
10/17/2023,473.77,473.79,473.75
10/16/2023,475.16,475.18,475.14
10/13/2023,459.43,459.45,459.41
10/12/2023,454.23,454.25,454.21
10/11/2023,462.12,462.14,462.1
10/10/2023,459.12,459.14,459.1
10/9/2023,461.88,461.9,461.86
10/6/2023,441.48,441.5,441.46
10/5/2023,440.62,440.64,440.6
10/4/2023,468.81,468.83,468.79
10/3/2023,474.53,474.55,474.51
10/2/2023,494.62,494.64,494.6
9/29/2023,516.88,516.9,516.86
9/28/2023,537.21,537.23,537.19
9/27/2023,531.43,531.45,531.41
9/26/2023,509.09,509.11,509.07
9/25/2023,516.9,516.92,516.88
9/22/2023,514.81,514.83,514.79
9/21/2023,504.83,504.85,504.81
9/20/2023,507.59,507.61,507.57
9/19/2023,510.13,510.15,510.11
9/18/2023,523.19,523.21,523.17
9/15/2023,538.97,538.99,538.95
9/14/2023,538.46,538.48,538.44
9/13/2023,542.76,542.78,542.74
9/12/2023,533.93,533.95,533.91
9/11/2023,531.4,531.42,531.38
9/8/2023,533.42,533.44,533.4
9/7/2023,536.71,536.73,536.69
9/6/2023,525.12,525.14,525.1
9/5/2023,508.16,508.18,508.14
9/4/2023,509.63,509.65,509.61
8/31/2023,511.23,511.25,511.21
8/30/2023,511.89,511.91,511.87
8/29/2023,507.71,507.73,507.69
8/28/2023,511.62,511.64,511.6
8/25/2023,509.99,510.01,509.97
8/24/2023,503.32,503.34,503.3
8/23/2023,527.06,527.08,527.04
8/22/2023,544.76,544.78,544.74
8/21/2023,548.13,548.15,548.11
8/18/2023,538.65,538.67,538.63
8/17/2023,529.39,529.41,529.37
8/16/2023,530.99,531.01,530.97
8/15/2023,538.73,538.75,538.71
8/14/2023,540.33,540.35,540.31
8/11/2023,544.65,544.67,544.63
8/10/2023,550.92,550.94,550.9
8/8/2023,537.06,537.08,537.04
8/7/2023,545.43,545.45,545.41
8/4/2023,552.65,552.67,552.63
8/3/2023,534.47,534.49,534.45
8/2/2023,555.51,555.53,555.49
8/1/2023,529.29,529.31,529.27
7/31/2023,511.87,511.89,511.85
7/28/2023,504.32,504.34,504.3
7/27/2023,498.45,498.47,498.43
7/26/2023,493.87,493.89,493.85
7/25/2023,490.54,490.56,490.52
7/24/2023,487.87,487.89,487.85
7/21/2023,482.64,482.66,482.62
7/20/2023,476.25,476.27,476.23
7/19/2023,472.23,472.25,472.21
7/18/2023,462.16,462.18,462.14
7/17/2023,461.75,461.77,461.73
7/14/2023,480.01,480.03,479.99
7/13/2023,472.43,472.45,472.41
7/12/2023,469.94,469.96,469.92
7/11/2023,470.65,470.67,470.63
7/10/2023,462.4,462.42,462.38
7/7/2023,456.2,456.22,456.18
7/6/2023,448.99,449.01,448.97
7/5/2023,448.77,448.79,448.75
7/4/2023,444.31,444.33,444.29
7/3/2023,440.21,440.23,440.19
6/30/2023,431.69,431.71,431.67
6/28/2023,416.01,416.03,415.99
6/27/2023,422.97,422.99,422.95
6/26/2023,425.07,425.09,425.05
6/23/2023,427.08,427.1,427.06
6/22/2023,438.47,438.49,438.45
6/21/2023,428.81,428.83,428.79
6/20/2023,428.57,428.59,428.55
6/19/2023,425.3,425.32,425.28
6/16/2023,424.03,424.05,424.01
6/15/2023,413.41,413.43,413.39
6/14/2023,417.9,417.92,417.88
6/13/2023,404.78,404.8,404.76
6/12/2023,405.79,405.81,405.77
6/9/2023,417.39,417.41,417.37
6/8/2023,419.99,420.01,419.97
6/7/2023,420.19,420.21,420.17
6/6/2023,414.63,414.65,414.61
6/5/2023,427.92,427.94,427.9
6/1/2023,405.01,405.03,404.99
5/31/2023,404.81,404.83,404.79
5/30/2023,419.82,419.84,419.8
5/29/2023,426.23,426.25,426.21
5/26/2023,419.08,419.1,419.06
5/25/2023,431.54,431.56,431.52
5/24/2023,427.55,427.57,427.53
5/23/2023,421.8,421.82,421.78
5/22/2023,425.94,425.96,425.92
5/19/2023,435.09,435.11,435.07
5/18/2023,435.02,435.04,435
5/17/2023,417.91,417.93,417.89
5/16/2023,424.23,424.25,424.21
5/15/2023,419.05,419.07,419.03
5/12/2023,419.22,419.24,419.2
5/11/2023,431.93,431.95,431.91
5/10/2023,430.18,430.2,430.16
5/9/2023,429.05,429.07,429.03
5/8/2023,428.34,428.36,428.32
5/5/2023,398.86,398.88,398.84
5/4/2023,407.85,407.87,407.83
5/3/2023,425.38,425.4,425.36
5/2/2023,447.02,447.04,447
4/28/2023,435.4,435.42,435.38
4/27/2023,435.05,435.07,435.03
4/26/2023,452.99,453.01,452.97
4/25/2023,462.84,462.86,462.82
4/24/2023,454.28,454.3,454.26
4/21/2023,448.08,448.1,448.06
4/20/2023,455.43,455.45,455.41
4/19/2023,462.6,462.62,462.58
4/18/2023,469.78,469.8,469.76
4/17/2023,475.03,475.05,475.01
4/14/2023,474.83,474.85,474.81
4/13/2023,483.19,483.21,483.17
4/12/2023,478.86,478.88,478.84
4/11/2023,477.54,477.56,477.52
4/10/2023,473.72,473.74,473.7
4/6/2023,464.2,464.22,464.18
4/5/2023,464.84,464.86,464.82
4/4/2023,458.84,458.86,458.82
4/3/2023,457.37,457.39,457.35
3/31/2023,422.01,422.03,421.99
3/30/2023,417.11,417.13,417.09
3/29/2023,415.73,415.75,415.71
3/28/2023,416.86,416.88,416.84
3/27/2023,398.12,398.14,398.1
3/24/2023,397.3,397.32,397.28
3/23/2023,395.27,395.29,395.25
3/22/2023,387.88,387.9,387.86
3/21/2023,385.69,385.71,385.67
3/20/2023,366.41,366.43,366.39
3/17/2023,385.73,385.75,385.71
3/16/2023,388.29,388.31,388.27
3/15/2023,410.1,410.12,410.08
3/14/2023,416.21,416.23,416.19
3/13/2023,437.86,437.88,437.84
3/10/2023,422.02,422.04,422
3/9/2023,428.85,428.87,428.83
3/8/2023,434.28,434.3,434.26
3/7/2023,450.84,450.86,450.82
3/6/2023,448.54,448.56,448.52
3/3/2023,445.61,445.63,445.59
3/2/2023,437.81,437.83,437.79
3/1/2023,427.99,428.01,427.97
2/28/2023,404.78,404.8,404.76
2/27/2023,405.89,405.91,405.87
2/24/2023,402.68,402.7,402.66
2/23/2023,403.12,403.14,403.1
2/22/2023,412.03,412.05,412.01
2/21/2023,408.13,408.15,408.11
2/20/2023,406.02,406.04,406
2/17/2023,404.75,404.77,404.73
2/16/2023,413.5,413.52,413.48
2/15/2023,401.87,401.89,401.85
2/14/2023,408.89,408.91,408.87
2/13/2023,400.96,400.98,400.94
2/10/2023,396.19,396.21,396.17
2/9/2023,396.99,397.01,396.97
2/8/2023,380.63,380.65,380.61
2/7/2023,368.03,368.05,368.01
2/6/2023,355.3,355.32,355.28
2/3/2023,358.61,358.63,358.59
2/2/2023,371.91,371.93,371.89
2/1/2023,388.7,388.72,388.68
1/31/2023,380.32,380.34,380.3
1/30/2023,389.44,389.46,389.42
1/27/2023,405.47,405.49,405.45
1/26/2023,395.49,395.51,395.47
1/25/2023,399.37,399.39,399.35
1/20/2023,396.4,396.42,396.38
1/19/2023,391.26,391.28,391.24
1/18/2023,395.09,395.11,395.07
1/17/2023,379.32,379.34,379.3
1/16/2023,368.7,368.72,368.68
1/13/2023,365.58,365.6,365.56
1/12/2023,359.55,359.57,359.53
1/11/2023,352.14,352.16,352.12
1/10/2023,352.3,352.32,352.28
1/9/2023,355.98,356,355.96
1/6/2023,345.6,345.62,345.58
1/5/2023,343.4,343.42,343.38
1/4/2023,347.15,347.17,347.13
1/3/2023,378.67,378.69,378.65
12/30/2022,376.9,376.92,376.88
12/29/2022,368.67,368.69,368.65
12/28/2022,378.6,378.62,378.58
12/27/2022,378.17,378.19,378.15
12/23/2022,382.25,382.27,382.23
12/22/2022,382.32,382.34,382.3
12/21/2022,365.98,366,365.96
12/20/2022,346.34,346.36,346.32
12/19/2022,341.29,341.31,341.27
12/16/2022,339.65,339.67,339.63
12/15/2022,355.25,355.27,355.23
12/14/2022,353.36,353.38,353.34
12/13/2022,353.66,353.68,353.64
12/12/2022,338.49,338.51,338.47
12/9/2022,351.86,351.88,351.84
12/8/2022,340.27,340.29,340.25
12/7/2022,347.17,347.19,347.15
12/6/2022,349.44,349.46,349.42
12/5/2022,357.15,357.17,357.13
12/2/2022,354.87,354.89,354.85
12/1/2022,357.31,357.33,357.29
11/30/2022,348.06,348.08,348.04
11/29/2022,376.6,376.62,376.58
11/28/2022,351.23,351.25,351.21
11/25/2022,380.21,380.23,380.19
11/24/2022,374.98,375,374.96
11/23/2022,396.83,396.85,396.81
11/22/2022,390.26,390.28,390.24
11/21/2022,385.72,385.74,385.7
11/18/2022,398.72,398.74,398.7
11/17/2022,403.33,403.35,403.31
11/16/2022,411.09,411.11,411.07
11/15/2022,405.12,405.14,405.1
11/14/2022,410.59,410.61,410.57
11/11/2022,411.94,411.96,411.92
11/10/2022,391,391.02,390.98
11/9/2022,396.57,396.59,396.55
11/8/2022,414.31,414.33,414.29
11/7/2022,412.6,412.62,412.58
11/4/2022,402.16,402.18,402.14
11/3/2022,387.88,387.9,387.86
11/2/2022,390.38,390.4,390.36
11/1/2022,385.79,385.81,385.77
10/31/2022,366.38,366.4,366.36
10/28/2022,376.56,376.58,376.54
10/27/2022,362.49,362.51,362.47
10/26/2022,346.91,346.93,346.89
10/25/2022,343.11,343.13,343.09
10/21/2022,352.49,352.51,352.47
10/20/2022,366.68,366.7,366.66
10/19/2022,347.72,347.74,347.7
10/18/2022,350.07,350.09,350.05
10/17/2022,342.39,342.41,342.37
10/14/2022,356.85,356.87,356.83
10/13/2022,353.92,353.94,353.9
10/12/2022,374.9,374.92,374.88
10/11/2022,378.23,378.25,378.21
10/10/2022,397.92,397.94,397.9
10/7/2022,386.52,386.54,386.5
10/6/2022,383.78,383.8,383.76
10/5/2022,382.03,382.05,382.01
10/4/2022,363.01,363.03,362.99
10/3/2022,357.68,357.7,357.66
9/30/2022,361.55,361.57,361.53
9/29/2022,358.56,358.58,358.54
9/28/2022,349.7,349.72,349.68
9/27/2022,350.58,350.6,350.56
9/26/2022,357.66,357.68,357.64
9/23/2022,367.78,367.8,367.76
9/22/2022,379.55,379.57,379.53
9/21/2022,379.6,379.62,379.58
9/20/2022,378.06,378.08,378.04
9/19/2022,371.12,371.14,371.1
9/16/2022,380.68,380.7,380.66
9/15/2022,384.42,384.44,384.4
9/14/2022,382.75,382.77,382.73
9/13/2022,395.01,395.03,394.99
9/12/2022,385.08,385.1,385.06
9/9/2022,371.44,371.46,371.42
9/8/2022,359.97,359.99,359.95
9/7/2022,392.43,392.45,392.41
9/6/2022,421.4,421.42,421.38
9/5/2022,428.31,428.33,428.29
9/2/2022,422.43,422.45,422.41
9/1/2022,414.1,414.12,414.08
8/31/2022,431.42,431.44,431.4
8/30/2022,470.14,470.16,470.12
8/29/2022,474.62,474.64,474.6
8/26/2022,474.57,474.59,474.55
8/25/2022,480.97,480.99,480.95
8/24/2022,480.46,480.48,480.44
8/23/2022,469.13,469.15,469.11
8/22/2022,464.46,464.48,464.44
8/19/2022,465.46,465.48,465.44
8/18/2022,468.17,468.19,468.15
8/17/2022,473.21,473.23,473.19
8/16/2022,480.72,480.74,480.7
8/15/2022,508.5,508.52,508.48
8/12/2022,528.42,528.44,528.4
8/11/2022,496.05,496.07,496.03
8/10/2022,470.89,470.91,470.87
8/8/2022,461.16,461.18,461.14
8/5/2022,457.22,457.24,457.2
8/4/2022,468.11,468.13,468.09
8/3/2022,468.67,468.69,468.65
8/2/2022,475.38,475.4,475.36
8/1/2022,485.01,485.03,484.99
7/29/2022,478.82,478.84,478.8
7/28/2022,477.53,477.55,477.51
7/27/2022,455.32,455.34,455.3
7/26/2022,471.51,471.53,471.49
7/25/2022,450.58,450.6,450.56
7/22/2022,450.21,450.23,450.19
7/21/2022,453.55,453.57,453.53
7/20/2022,459.49,459.51,459.47
7/19/2022,464.17,464.19,464.15
7/18/2022,464.36,464.38,464.34
7/15/2022,424.28,424.3,424.26
7/14/2022,428.19,428.21,428.17
7/13/2022,433.9,433.92,433.88
7/12/2022,468.82,468.84,468.8
7/8/2022,485.58,485.6,485.56
7/7/2022,464.44,464.46,464.42
7/6/2022,480.72,480.74,480.7
7/5/2022,515.2,515.22,515.18
7/4/2022,518.17,518.19,518.15
7/1/2022,540.03,540.05,540.01
6/30/2022,570.25,570.27,570.23
6/29/2022,586.4,586.42,586.38
6/28/2022,580.47,580.49,580.45
6/27/2022,571.87,571.89,571.85
6/24/2022,561.43,561.45,561.41
6/23/2022,559.49,559.51,559.47
6/22/2022,549.83,549.85,549.81
6/21/2022,580.32,580.34,580.3
6/20/2022,562.99,563.01,562.97
6/17/2022,606.98,607,606.96
6/16/2022,594.33,594.35,594.31
6/15/2022,605.03,605.05,605.01
6/14/2022,635.92,635.94,635.9
6/13/2022,598.87,598.89,598.85
6/10/2022,594.45,594.47,594.43
6/9/2022,579.99,580.01,579.97
6/8/2022,579.64,579.66,579.62
6/7/2022,588.06,588.08,588.04
6/6/2022,614.09,614.11,614.07
6/3/2022,615.72,615.74,615.7
6/2/2022,592.62,592.64,592.6
6/1/2022,615.15,615.17,615.13
5/31/2022,630.74,630.76,630.72
5/30/2022,585.69,585.71,585.67
5/27/2022,612.75,612.77,612.73
5/26/2022,619.73,619.75,619.71
5/25/2022,628.32,628.34,628.3
5/24/2022,621.86,621.88,621.84
5/23/2022,631.16,631.18,631.14
5/20/2022,617.29,617.31,617.27
5/19/2022,591.5,591.52,591.48
5/18/2022,627.57,627.59,627.55
5/17/2022,640.28,640.3,640.26
5/13/2022,614.87,614.89,614.85
5/12/2022,591.09,591.11,591.07
5/11/2022,594.37,594.39,594.35
5/10/2022,606.74,606.76,606.72
5/9/2022,645.13,645.15,645.11
5/6/2022,660.38,660.4,660.36
5/5/2022,678.21,678.23,678.19
5/4/2022,691.76,691.78,691.74
4/29/2022,682.98,683,682.96
4/28/2022,665.22,665.24,665.2
4/27/2022,668.29,668.31,668.27
4/26/2022,630.08,630.1,630.06
4/25/2022,623.95,623.97,623.93
4/22/2022,659.47,659.49,659.45
4/21/2022,669.96,669.98,669.94
4/20/2022,669,669.02,668.98
4/19/2022,679.14,679.16,679.12
4/18/2022,674.55,674.57,674.53
4/14/2022,669.72,669.74,669.7
4/13/2022,661.3,661.32,661.28
4/12/2022,636.45,636.47,636.43
4/11/2022,634.57,634.59,634.55
4/8/2022,643.33,643.35,643.31
4/7/2022,637.05,637.07,637.03
4/6/2022,669.83,669.85,669.81
4/5/2022,669.1,669.12,669.08
4/4/2022,662.27,662.29,662.25
4/1/2022,651.34,651.36,651.32
3/31/2022,640.3,640.32,640.28
3/30/2022,646.36,646.38,646.34
3/29/2022,648.3,648.32,648.28
3/28/2022,664.54,664.56,664.52
3/25/2022,655.24,655.26,655.22
3/24/2022,683.35,683.37,683.33
3/23/2022,651.78,651.8,651.76
3/22/2022,628.77,628.79,628.75
3/21/2022,614.52,614.54,614.5
3/18/2022,589.21,589.23,589.19
3/17/2022,575.1,575.12,575.08
3/16/2022,592.09,592.11,592.07
3/15/2022,568.17,568.19,568.15
3/14/2022,617.62,617.64,617.6
3/11/2022,651.9,651.92,651.88
3/10/2022,653.03,653.05,653.01
3/9/2022,715.96,715.98,715.94
3/8/2022,680.51,680.53,680.49
3/7/2022,681.73,681.75,681.71
3/4/2022,598.14,598.16,598.12
3/3/2022,614.46,614.48,614.44
3/2/2022,563.79,563.81,563.77
3/1/2022,541.75,541.77,541.73
2/28/2022,532.45,532.47,532.43
2/25/2022,525.7,525.72,525.68
2/24/2022,550.98,551,550.96
2/23/2022,519.72,519.74,519.7
2/22/2022,538.32,538.34,538.3
2/21/2022,506.67,506.69,506.65
2/18/2022,500.72,500.74,500.7
2/17/2022,511.76,511.78,511.74
2/16/2022,514.41,514.43,514.39
2/15/2022,522.78,522.8,522.76
2/14/2022,522.38,522.4,522.36
2/11/2022,499.85,499.87,499.83
2/10/2022,500.99,501.01,500.97
2/9/2022,495.12,495.14,495.1
2/8/2022,504.61,504.63,504.59
2/7/2022,510.55,510.57,510.53
2/4/2022,508.23,508.25,508.21
2/3/2022,498.75,498.77,498.73
1/31/2022,501.1,501.12,501.08
1/28/2022,499.8,499.82,499.78
1/27/2022,505.48,505.5,505.46
1/26/2022,500.73,500.75,500.71
1/25/2022,486,486.02,485.98
1/24/2022,494.14,494.16,494.12
1/21/2022,488.49,488.51,488.47
1/20/2022,492.69,492.71,492.67
1/19/2022,486.65,486.67,486.63
1/18/2022,481.26,481.28,481.24
1/17/2022,468.05,468.07,468.03
1/14/2022,463.62,463.64,463.6
1/13/2022,463.1,463.12,463.08
1/12/2022,459.03,459.05,459.01
1/11/2022,446.39,446.41,446.37
1/10/2022,448.57,448.59,448.55
1/7/2022,450.78,450.8,450.76
1/6/2022,438.37,438.39,438.35
1/5/2022,436.28,436.3,436.26
1/4/2022,434.04,434.06,434.02
1/3/2022,433.25,433.27,433.23
12/31/2021,439.79,439.81,439.77
12/30/2021,439.15,439.17,439.13
12/29/2021,438.86,438.88,438.84
12/28/2021,437.97,437.99,437.95
12/24/2021,423.75,423.77,423.73
12/23/2021,419.14,419.16,419.12
12/22/2021,410.12,410.14,410.1
12/21/2021,397.75,397.77,397.73
12/20/2021,394.43,394.45,394.41
12/17/2021,414.4,414.42,414.38
12/16/2021,416.16,416.18,416.14
12/15/2021,408.19,408.21,408.17
12/14/2021,412.64,412.66,412.62
12/13/2021,414.47,414.49,414.45
12/10/2021,406.37,406.39,406.35
12/9/2021,415,415.02,414.98
12/8/2021,406.78,406.8,406.76
12/7/2021,402.7,402.72,402.68
12/6/2021,385.98,386,385.96
12/3/2021,387.97,387.99,387.95
12/2/2021,380.17,380.19,380.15
12/1/2021,392.8,392.82,392.78
11/30/2021,401.38,401.4,401.36
11/29/2021,413.58,413.6,413.56
11/26/2021,425.28,425.3,425.26
11/25/2021,450.67,450.69,450.65
11/24/2021,453.5,453.52,453.48
11/23/2021,434.1,434.12,434.08
11/22/2021,434.2,434.22,434.18
11/19/2021,453.84,453.86,453.82
11/18/2021,438.75,438.77,438.73
11/17/2021,452.85,452.87,452.83
11/16/2021,455.73,455.75,455.71
11/15/2021,442.95,442.97,442.93
11/12/2021,444.29,444.31,444.27
11/11/2021,445.5,445.52,445.48
11/10/2021,455.83,455.85,455.81
11/9/2021,453.12,453.14,453.1
11/8/2021,456.26,456.28,456.24
11/5/2021,437.94,437.96,437.92
11/3/2021,448.51,448.53,448.49
11/2/2021,459.55,459.57,459.53
11/1/2021,456.43,456.45,456.41
10/29/2021,459.51,459.53,459.49
10/28/2021,449.88,449.9,449.86
10/27/2021,458.3,458.32,458.28
10/26/2021,469.17,469.19,469.15
10/25/2021,475.77,475.79,475.75
10/22/2021,464.67,464.69,464.65
10/21/2021,476.06,476.08,476.04
10/20/2021,481.69,481.71,481.67
10/19/2021,483.05,483.07,483.03
10/18/2021,494.58,494.6,494.56
10/15/2021,504.59,504.61,504.57
10/14/2021,496.76,496.78,496.74
10/13/2021,495.7,495.72,495.68
10/12/2021,508.69,508.71,508.67
10/11/2021,511.17,511.19,511.15
10/8/2021,501.62,501.64,501.6
10/7/2021,486.55,486.57,486.53
10/6/2021,498.99,499.01,498.97
10/5/2021,491.28,491.3,491.26
10/4/2021,469.59,469.61,469.57
10/1/2021,463.43,463.45,463.41
9/30/2021,466.98,467,466.96
9/29/2021,463.14,463.16,463.12
9/28/2021,467.28,467.3,467.26
9/27/2021,465.39,465.41,465.37
9/24/2021,464.42,464.44,464.4
9/23/2021,463.58,463.6,463.56
9/22/2021,452.74,452.76,452.72
9/21/2021,446.21,446.23,446.19
9/20/2021,440.29,440.31,440.27
9/17/2021,446.93,446.95,446.91
9/16/2021,451.06,451.08,451.04
9/15/2021,445.06,445.08,445.04
9/14/2021,444.76,444.78,444.74
9/13/2021,441.4,441.42,441.38
9/10/2021,442.25,442.27,442.23
9/9/2021,439.65,439.67,439.63
9/8/2021,440.45,440.47,440.43
9/7/2021,432.92,432.94,432.9
9/6/2021,427.25,427.27,427.23
9/3/2021,430.49,430.51,430.47
9/2/2021,418.16,418.18,418.14
9/1/2021,425.79,425.81,425.77
8/31/2021,427.98,428,427.96
8/30/2021,427.94,427.96,427.92
8/27/2021,427.11,427.13,427.09
8/26/2021,414.3,414.32,414.28
8/25/2021,407.54,407.56,407.52
8/24/2021,406.72,406.74,406.7
8/23/2021,387.49,387.51,387.47
8/20/2021,378.63,378.65,378.61
8/19/2021,377.15,377.17,377.13
8/18/2021,391.04,391.06,391.02
8/17/2021,386.48,386.5,386.46
8/16/2021,388.23,388.25,388.21
8/13/2021,397.12,397.14,397.1
8/12/2021,400.51,400.53,400.49
8/11/2021,398.58,398.6,398.56
8/10/2021,394.83,394.85,394.81
8/6/2021,406.78,406.8,406.76
8/5/2021,395.9,395.92,395.88
8/4/2021,410.76,410.78,410.74
8/3/2021,409.95,409.97,409.93
8/2/2021,417.22,417.24,417.2
7/30/2021,420.31,420.33,420.29
7/29/2021,415.51,415.53,415.49
7/28/2021,410.83,410.85,410.81
7/27/2021,406.93,406.95,406.91
7/26/2021,400.42,400.44,400.4
7/23/2021,407.45,407.47,407.43
7/22/2021,402.85,402.87,402.83
7/21/2021,389.17,389.19,389.15
7/19/2021,400.16,400.18,400.14
7/16/2021,406.68,406.7,406.66
7/15/2021,404.9,404.92,404.88
7/14/2021,418.46,418.48,418.44
7/13/2021,412.6,412.62,412.58
7/12/2021,407.81,407.83,407.79
7/9/2021,406.65,406.67,406.63
7/8/2021,394.83,394.85,394.81
7/7/2021,407.28,407.3,407.26
7/6/2021,426.68,426.7,426.66
7/5/2021,424.15,424.17,424.13
7/2/2021,421.34,421.36,421.32
7/1/2021,419.66,419.68,419.64
6/30/2021,409.32,409.34,409.3
6/29/2021,409.16,409.18,409.14
6/28/2021,420.43,420.45,420.41
6/25/2021,418.1,418.12,418.08
6/24/2021,416.52,416.54,416.5
6/23/2021,415.01,415.03,414.99
6/22/2021,411.49,411.51,411.47
6/21/2021,405.21,405.23,405.19
6/18/2021,401.32,401.34,401.3
6/17/2021,412.74,412.76,412.72
6/16/2021,412.55,412.57,412.53
6/15/2021,404.23,404.25,404.21
6/14/2021,402.89,402.91,402.87
6/11/2021,397.35,397.37,397.33
6/10/2021,392.64,392.66,392.62
6/9/2021,397.2,397.22,397.18
6/8/2021,387.01,387.03,386.99
6/7/2021,393.89,393.91,393.87
6/4/2021,398.16,398.18,398.14
6/3/2021,397.79,397.81,397.77
6/2/2021,392.06,392.08,392.04
6/1/2021,389.48,389.5,389.46
5/31/2021,378.18,378.2,378.16
5/28/2021,373.57,373.59,373.55
5/27/2021,366.7,366.72,366.68
5/25/2021,364.29,364.31,364.27
5/24/2021,357.03,357.05,357.01
5/21/2021,345.37,345.39,345.35
5/20/2021,357.92,357.94,357.9
5/19/2021,357.81,357.83,357.79
5/18/2021,370.77,370.79,370.75
5/17/2021,371.35,371.37,371.33
5/14/2021,366.21,366.23,366.19
5/12/2021,381.43,381.45,381.41
5/11/2021,371.95,371.97,371.93
5/10/2021,382.7,382.72,382.68
5/7/2021,380.51,380.53,380.49
5/6/2021,388.7,388.72,388.68
5/5/2021,391.92,391.94,391.9
5/4/2021,386.34,386.36,386.32
5/3/2021,379.89,379.91,379.87
4/30/2021,385.77,385.79,385.75
4/29/2021,383.71,383.73,383.69
4/28/2021,375,375.02,374.98
4/27/2021,374.27,374.29,374.25
4/26/2021,368.72,368.74,368.7
4/23/2021,373.77,373.79,373.75
4/22/2021,370.73,370.75,370.71
4/21/2021,378,378.02,377.98
4/20/2021,386.42,386.44,386.4
4/19/2021,381.21,381.23,381.19
4/16/2021,383.65,383.67,383.63
4/15/2021,378.62,378.64,378.6
4/14/2021,368.71,368.73,368.69
4/13/2021,357.6,357.62,357.58
4/12/2021,349.92,349.94,349.9
4/9/2021,347.61,347.63,347.59
4/8/2021,351.17,351.19,351.15
4/7/2021,350.75,350.77,350.73
4/6/2021,356.24,356.26,356.22
4/5/2021,361.13,361.15,361.11
4/1/2021,357.43,357.45,357.41
3/31/2021,367.4,367.42,367.38
3/30/2021,369.59,369.61,369.57
3/29/2021,366.73,366.75,366.71
3/26/2021,365.97,365.99,365.95
3/25/2021,364.79,364.81,364.77
3/24/2021,358.35,358.37,358.33
3/23/2021,366.99,367.01,366.97
3/22/2021,374.09,374.11,374.07
3/19/2021,371.05,371.07,371.03
3/18/2021,389.3,389.32,389.28
3/17/2021,397.2,397.22,397.18
3/16/2021,395.73,395.75,395.71
3/15/2021,404.82,404.84,404.8
3/12/2021,399.63,399.65,399.61
3/11/2021,397.16,397.18,397.14
3/10/2021,389.28,389.3,389.26
3/9/2021,396.81,396.83,396.79
3/8/2021,406.46,406.48,406.44
3/5/2021,392.49,392.51,392.47
3/4/2021,369.57,369.59,369.55
3/3/2021,363.38,363.4,363.36
3/2/2021,363.82,363.84,363.8
3/1/2021,378.59,378.61,378.57
2/26/2021,377.6,377.62,377.58
2/25/2021,384.03,384.05,384.01
2/24/2021,370.44,370.46,370.42
2/23/2021,375.39,375.41,375.37
2/22/2021,358.99,359.01,358.97
2/19/2021,356.85,356.87,356.83
2/18/2021,372.85,372.87,372.83
2/17/2021,369.01,369.03,368.99
2/16/2021,368.03,368.05,368.01
2/15/2021,369.77,369.79,369.75
2/11/2021,357.21,357.23,357.19
2/10/2021,356.23,356.25,356.21
2/9/2021,358.47,358.49,358.45
2/8/2021,355.82,355.84,355.8
2/5/2021,350.5,350.52,350.48
2/4/2021,346.52,346.54,346.5
2/3/2021,341.53,341.55,341.51
2/2/2021,337.68,337.7,337.66
2/1/2021,328.86,328.88,328.84
1/29/2021,324.05,324.07,324.03
1/28/2021,325.33,325.35,325.31
1/27/2021,332.03,332.05,332.01
1/26/2021,325.87,325.89,325.85
1/25/2021,326.25,326.27,326.23
1/22/2021,324.5,324.52,324.48
1/21/2021,327.07,327.09,327.05
1/20/2021,331.5,331.52,331.48
1/19/2021,323.45,323.47,323.43
1/18/2021,319.08,319.1,319.06
1/15/2021,326.7,326.72,326.68
1/14/2021,330.32,330.34,330.3
1/13/2021,335.16,335.18,335.14
1/12/2021,331.44,331.46,331.42
1/11/2021,329.28,329.3,329.26
1/8/2021,325.8,325.82,325.78
1/7/2021,326.89,326.91,326.87
1/6/2021,319.87,319.89,319.85
1/5/2021,301.1,301.12,301.08
1/4/2021,312.35,312.37,312.33
12/31/2020,301.07,301.09,301.05
12/30/2020,301.32,301.34,301.3
12/29/2020,301.75,301.77,301.73
12/28/2020,302.41,302.43,302.39
12/24/2020,303,303.02,302.98
12/23/2020,294.82,294.84,294.8
12/22/2020,297.91,297.93,297.89
12/21/2020,302.73,302.75,302.71
12/18/2020,310.41,310.43,310.39
12/17/2020,312.17,312.19,312.15
12/16/2020,305.41,305.43,305.39
12/15/2020,298.8,298.82,298.78
12/14/2020,297.21,297.23,297.19
12/11/2020,291.15,291.17,291.13
12/10/2020,288.68,288.7,288.66
12/9/2020,290.94,290.96,290.92
12/8/2020,285.17,285.19,285.15
12/7/2020,287.65,287.67,287.63
12/4/2020,294.07,294.09,294.05
12/3/2020,295.43,295.45,295.41
12/2/2020,286.05,286.07,286.03
12/1/2020,288.13,288.15,288.11
11/30/2020,290.2,290.22,290.18
11/27/2020,293.43,293.45,293.41
11/26/2020,295.79,295.81,295.77
11/25/2020,295.79,295.81,295.77
11/24/2020,289.87,289.89,289.85
11/23/2020,288.57,288.59,288.55
11/20/2020,282.66,282.68,282.64
11/19/2020,280.67,280.69,280.65
11/18/2020,280.97,280.99,280.95
11/17/2020,282.37,282.39,282.35
11/16/2020,279.06,279.08,279.04
11/13/2020,277.03,277.05,277.01
11/12/2020,280.19,280.21,280.17
11/11/2020,281.69,281.71,281.67
11/10/2020,271.54,271.56,271.52
11/9/2020,257.75,257.77,257.73
11/6/2020,256.05,256.07,256.03
11/5/2020,257.27,257.29,257.25
11/4/2020,250.64,250.66,250.62
11/3/2020,250.36,250.38,250.34
11/2/2020,235.08,235.1,235.06
10/30/2020,237,237.02,236.98
10/29/2020,246.24,246.26,246.22
10/28/2020,249.47,249.49,249.45
10/27/2020,248.74,248.76,248.72
10/26/2020,252.12,252.14,252.1
10/23/2020,269.1,269.12,269.08
10/22/2020,262.35,262.37,262.33
10/21/2020,261.91,261.93,261.89
10/20/2020,262,262.02,261.98
10/19/2020,261.6,261.62,261.58
10/16/2020,263.97,263.99,263.95
10/15/2020,264.24,264.26,264.22
10/14/2020,252.59,252.61,252.57
10/13/2020,250.46,250.48,250.44
10/12/2020,249.27,249.29,249.25
10/9/2020,250.68,250.7,250.66
10/8/2020,243.58,243.6,243.56
10/7/2020,241.45,241.47,241.43
10/6/2020,239.66,239.68,239.64
10/5/2020,232.57,232.59,232.55
10/2/2020,229.43,229.45,229.41
10/1/2020,245.22,245.24,245.2
9/30/2020,239.11,239.13,239.09
9/29/2020,243.85,243.87,243.83
9/28/2020,241.76,241.78,241.74
9/25/2020,245.91,245.93,245.89
9/24/2020,238.53,238.55,238.51
9/23/2020,240.15,240.17,240.13
9/22/2020,241.08,241.1,241.06
9/21/2020,244.61,244.63,244.59
9/18/2020,252.09,252.11,252.07
9/17/2020,248.95,248.97,248.93
9/16/2020,249.17,249.19,249.15
9/15/2020,234.64,234.66,234.62
9/14/2020,233.36,233.38,233.34
9/11/2020,232.6,232.62,232.58
9/10/2020,233.86,233.88,233.84
9/9/2020,229.93,229.95,229.91
9/8/2020,242.33,242.35,242.31
9/7/2020,247.69,247.71,247.67
9/4/2020,259.49,259.51,259.47
9/3/2020,257.39,257.41,257.37
9/2/2020,271.26,271.28,271.24
9/1/2020,271.03,271.05,271.01
8/31/2020,273.21,273.23,273.19
8/28/2020,267.49,267.51,267.47
8/27/2020,270.33,270.35,270.31
8/26/2020,272.06,272.08,272.04
8/25/2020,267.52,267.54,267.5
8/24/2020,264.15,264.17,264.13
8/21/2020,265.03,265.05,265.01
8/20/2020,269.21,269.23,269.19
8/19/2020,265.46,265.48,265.44
8/18/2020,270.81,270.83,270.79
8/17/2020,260.03,260.05,260.01
8/14/2020,257.4,257.42,257.38
8/13/2020,260.15,260.17,260.13
8/12/2020,256.36,256.38,256.34
8/11/2020,254.99,255.01,254.97
8/7/2020,253.12,253.14,253.1
8/6/2020,256.03,256.05,256.01
8/5/2020,255,255.02,254.98
8/4/2020,245.73,245.75,245.71
8/3/2020,248.87,248.89,248.85
7/30/2020,254.91,254.93,254.89
7/29/2020,256.77,256.79,256.75
7/28/2020,252.09,252.11,252.07
7/27/2020,247.98,248,247.96
7/24/2020,247.91,247.93,247.89
7/23/2020,253.58,253.6,253.56
7/22/2020,249.15,249.17,249.13
7/21/2020,246.86,246.88,246.84
7/20/2020,244.01,244.03,243.99
7/17/2020,247.09,247.11,247.07
7/16/2020,250.12,250.14,250.1
7/15/2020,251.03,251.05,251.01
7/14/2020,244.47,244.49,244.45
7/13/2020,250.65,250.67,250.63
7/9/2020,254.99,255.01,254.97
7/8/2020,256.95,256.97,256.93
7/7/2020,246.66,246.68,246.64
7/6/2020,244.62,244.64,244.6
7/3/2020,234.16,234.18,234.14
7/2/2020,234.34,234.36,234.32
7/1/2020,232.35,232.37,232.33
6/30/2020,232.73,232.75,232.71
6/29/2020,223.86,223.88,223.84
6/26/2020,228.92,228.94,228.9
6/25/2020,220.79,220.81,220.77
6/24/2020,232.44,232.46,232.42
6/23/2020,234.54,234.56,234.52
6/22/2020,227.72,227.74,227.7
6/19/2020,233.55,233.57,233.53
6/18/2020,217.59,217.61,217.57
6/17/2020,221.71,221.73,221.69
6/16/2020,222.07,222.09,222.05
6/15/2020,211.42,211.44,211.4
6/12/2020,212.14,212.16,212.12
6/11/2020,229.11,229.13,229.09
6/10/2020,230.35,230.37,230.33
6/9/2020,226.82,226.84,226.8
6/8/2020,240.93,240.95,240.91
6/5/2020,229.54,229.56,229.52
6/4/2020,221.72,221.74,221.7
6/3/2020,216.26,216.28,216.24
6/2/2020,209.89,209.91,209.87
6/1/2020,197.51,197.53,197.49
5/29/2020,179.17,179.19,179.15
5/28/2020,172.72,172.74,172.7
5/27/2020,174.45,174.47,174.43
5/26/2020,189.61,189.63,189.59
5/22/2020,178.17,178.19,178.15
5/21/2020,192.46,192.48,192.44
5/20/2020,184.51,184.53,184.49
5/19/2020,189.23,189.25,189.21
5/18/2020,169.33,169.35,169.31
5/15/2020,158.45,158.47,158.43
5/14/2020,145.24,145.26,145.22
5/13/2020,137.04,137.06,137.02
5/12/2020,136.69,136.71,136.67
5/11/2020,142.86,142.88,142.84
5/8/2020,137.53,137.55,137.51
5/6/2020,148.85,148.87,148.83
5/5/2020,137.91,137.93,137.89
5/4/2020,114.16,114.18,114.14
4/30/2020,119.46,119.48,119.44
4/29/2020,105.61,105.63,105.59
4/28/2020,111.35,111.37,111.33
4/27/2020,117.25,117.27,117.23
4/24/2020,114.18,114.2,114.16
4/23/2020,117.22,117.24,117.2
4/22/2020,101.36,101.38,101.34
4/21/2020,121,121.02,120.98
4/20/2020,137.41,137.43,137.39
4/17/2020,143.1,143.12,143.08
4/16/2020,144.4,144.42,144.38
4/15/2020,145.96,145.98,145.94
4/14/2020,167.34,167.36,167.32
4/13/2020,169.63,169.65,169.61
4/9/2020,178.96,178.98,178.94
4/8/2020,179.75,179.77,179.73
4/7/2020,182.09,182.11,182.07
4/6/2020,177.76,177.78,177.74
4/3/2020,161.73,161.75,161.71
4/2/2020,160.44,160.46,160.42
4/1/2020,152.04,152.06,152.02
3/31/2020,159.14,159.16,159.12
3/30/2020,154.95,154.97,154.93
3/27/2020,163.37,163.39,163.35
3/26/2020,165.08,165.1,165.06
3/25/2020,163.5,163.52,163.48
3/24/2020,167.21,167.23,167.19
3/23/2020,166.23,166.25,166.21
