Date,WTI,Brent
2020-07-01,39.81999969482422,42.029998779296875
2020-07-02,40.650001525878906,43.13999938964844
2020-07-06,40.630001068115234,43.099998474121094
2020-07-07,40.619998931884766,43.08000183105469
2020-07-08,40.900001525878906,43.290000915527344
2020-07-09,39.619998931884766,42.349998474121094
2020-07-10,40.54999923706055,43.2400016784668
2020-07-13,40.099998474121094,42.720001220703125
2020-07-14,40.290000915527344,42.900001525878906
2020-07-15,41.20000076293945,43.790000915527344
2020-07-16,40.75,43.369998931884766
2020-07-17,40.59000015258789,43.13999938964844
2020-07-20,40.810001373291016,43.279998779296875
2020-07-21,41.959999084472656,44.31999969482422
2020-07-22,41.900001525878906,44.290000915527344
2020-07-23,41.06999969482422,43.310001373291016
2020-07-24,41.290000915527344,43.34000015258789
2020-07-27,41.599998474121094,43.40999984741211
2020-07-28,41.040000915527344,43.220001220703125
2020-07-29,41.27000045776367,43.75
2020-07-30,39.91999816894531,42.939998626708984
2020-07-31,40.27000045776367,43.29999923706055
2020-08-03,41.0099983215332,44.150001525878906
2020-08-04,41.70000076293945,44.43000030517578
2020-08-05,42.189998626708984,45.16999816894531
2020-08-06,41.95000076293945,45.09000015258789
2020-08-07,41.220001220703125,44.400001525878906
2020-08-10,41.939998626708984,44.9900016784668
2020-08-11,41.61000061035156,44.5
2020-08-12,42.66999816894531,45.43000030517578
2020-08-13,42.2400016784668,44.959999084472656
2020-08-14,42.0099983215332,44.79999923706055
2020-08-17,42.88999938964844,45.369998931884766
2020-08-18,42.88999938964844,45.459999084472656
2020-08-19,42.93000030517578,45.369998931884766
2020-08-20,42.58000183105469,44.900001525878906
2020-08-21,42.34000015258789,44.349998474121094
2020-08-24,42.619998931884766,45.130001068115234
2020-08-25,43.349998474121094,45.86000061035156
2020-08-26,43.38999938964844,45.63999938964844
2020-08-27,43.040000915527344,45.09000015258789
2020-08-28,42.970001220703125,45.04999923706055
2020-08-31,42.61000061035156,45.279998779296875
2020-09-01,42.7599983215332,45.58000183105469
2020-09-02,41.5099983215332,44.43000030517578
2020-09-03,41.369998931884766,44.06999969482422
2020-09-04,39.77000045776367,42.65999984741211
2020-09-08,36.7599983215332,39.779998779296875
2020-09-09,38.04999923706055,40.790000915527344
2020-09-10,37.29999923706055,40.060001373291016
2020-09-11,37.33000183105469,39.83000183105469
2020-09-14,37.2599983215332,39.61000061035156
2020-09-15,38.279998779296875,40.529998779296875
2020-09-16,40.15999984741211,42.220001220703125
2020-09-17,40.970001220703125,43.29999923706055
2020-09-18,41.11000061035156,43.150001525878906
2020-09-21,39.310001373291016,41.439998626708984
2020-09-22,39.599998474121094,41.720001220703125
2020-09-23,39.93000030517578,41.77000045776367
2020-09-24,40.310001373291016,41.939998626708984
2020-09-25,40.25,41.91999816894531
2020-09-28,40.599998474121094,42.43000030517578
2020-09-29,39.290000915527344,41.029998779296875
2020-09-30,40.220001220703125,40.95000076293945
2020-10-01,38.720001220703125,40.93000030517578
2020-10-02,37.04999923706055,39.27000045776367
2020-10-05,39.220001220703125,41.290000915527344
2020-10-06,40.66999816894531,42.650001525878906
2020-10-07,39.95000076293945,41.9900016784668
2020-10-08,41.189998626708984,43.34000015258789
2020-10-09,40.599998474121094,42.849998474121094
2020-10-12,39.43000030517578,41.720001220703125
2020-10-13,40.20000076293945,42.45000076293945
2020-10-14,41.040000915527344,43.31999969482422
2020-10-15,40.959999084472656,43.15999984741211
2020-10-16,40.880001068115234,42.93000030517578
2020-10-19,40.83000183105469,42.619998931884766
2020-10-20,41.459999084472656,43.15999984741211
2020-10-21,40.029998779296875,41.72999954223633
2020-10-22,40.63999938964844,42.459999084472656
2020-10-23,39.849998474121094,41.77000045776367
2020-10-26,38.560001373291016,40.459999084472656
2020-10-27,39.56999969482422,41.20000076293945
2020-10-28,37.38999938964844,39.119998931884766
2020-10-29,36.16999816894531,37.650001525878906
2020-10-30,35.790000915527344,37.459999084472656
2020-11-02,36.810001373291016,38.970001220703125
2020-11-03,37.65999984741211,39.709999084472656
2020-11-04,39.150001525878906,41.22999954223633
2020-11-05,38.790000915527344,40.93000030517578
2020-11-06,37.13999938964844,39.45000076293945
2020-11-09,40.290000915527344,42.400001525878906
2020-11-10,41.36000061035156,43.61000061035156
2020-11-11,41.45000076293945,43.79999923706055
2020-11-12,41.119998931884766,43.529998779296875
2020-11-13,40.130001068115234,42.779998779296875
2020-11-16,41.34000015258789,43.81999969482422
2020-11-17,41.43000030517578,43.75
2020-11-18,41.81999969482422,44.34000015258789
2020-11-19,41.7400016784668,44.20000076293945
2020-11-20,42.150001525878906,44.959999084472656
2020-11-23,43.060001373291016,46.060001373291016
2020-11-24,44.90999984741211,47.86000061035156
2020-11-25,45.709999084472656,48.61000061035156
2020-11-27,45.529998779296875,48.18000030517578
2020-11-30,45.34000015258789,47.59000015258789
2020-12-01,44.54999923706055,47.41999816894531
2020-12-02,45.279998779296875,48.25
2020-12-03,45.63999938964844,48.709999084472656
2020-12-04,46.2599983215332,49.25
2020-12-07,45.7599983215332,48.790000915527344
2020-12-08,45.599998474121094,48.84000015258789
2020-12-09,45.52000045776367,48.86000061035156
2020-12-10,46.779998779296875,50.25
2020-12-11,46.56999969482422,49.970001220703125
2020-12-14,46.9900016784668,50.290000915527344
2020-12-15,47.619998931884766,50.7599983215332
2020-12-16,47.81999969482422,51.08000183105469
2020-12-17,48.36000061035156,51.5
2020-12-18,49.099998474121094,52.2599983215332
2020-12-21,47.7400016784668,50.90999984741211
2020-12-22,47.02000045776367,50.08000183105469
2020-12-23,48.119998931884766,51.20000076293945
2020-12-24,48.22999954223633,51.290000915527344
2020-12-28,47.619998931884766,50.86000061035156
2020-12-29,48.0,51.09000015258789
2020-12-30,48.400001525878906,51.34000015258789
2020-12-31,48.52000045776367,51.79999923706055
2021-01-04,47.619998931884766,51.09000015258789
2021-01-05,49.93000030517578,53.599998474121094
2021-01-06,50.630001068115234,54.29999923706055
2021-01-07,50.83000183105469,54.380001068115234
2021-01-08,52.2400016784668,55.9900016784668
2021-01-11,52.25,55.65999984741211
2021-01-12,53.209999084472656,56.58000183105469
2021-01-13,52.90999984741211,56.060001373291016
2021-01-14,53.56999969482422,56.41999816894531
2021-01-15,52.36000061035156,55.099998474121094
2021-01-19,52.97999954223633,55.900001525878906
2021-01-20,53.2400016784668,56.08000183105469
2021-01-21,53.130001068115234,56.099998474121094
2021-01-22,52.27000045776367,55.40999984741211
2021-01-25,52.77000045776367,55.880001068115234
2021-01-26,52.61000061035156,55.90999984741211
2021-01-27,52.849998474121094,55.810001373291016
2021-01-28,52.34000015258789,55.529998779296875
2021-01-29,52.20000076293945,55.880001068115234
2021-02-01,53.54999923706055,56.349998474121094
2021-02-02,54.7599983215332,57.459999084472656
2021-02-03,55.689998626708984,58.459999084472656
2021-02-04,56.22999954223633,58.84000015258789
2021-02-05,56.849998474121094,59.34000015258789
2021-02-08,57.970001220703125,60.560001373291016
2021-02-09,58.36000061035156,61.09000015258789
2021-02-10,58.68000030517578,61.470001220703125
2021-02-11,58.2400016784668,61.13999938964844
2021-02-12,59.470001220703125,62.43000030517578
2021-02-16,60.04999923706055,63.349998474121094
2021-02-17,61.13999938964844,64.33999633789062
2021-02-18,60.52000045776367,63.93000030517578
2021-02-19,59.2400016784668,62.90999984741211
2021-02-22,61.4900016784668,65.23999786376953
2021-02-23,61.66999816894531,65.37000274658203
2021-02-24,63.220001220703125,67.04000091552734
2021-02-25,63.529998779296875,66.87999725341797
2021-02-26,61.5,66.12999725341797
2021-03-01,60.63999938964844,63.689998626708984
2021-03-02,59.75,62.70000076293945
2021-03-03,61.279998779296875,64.06999969482422
2021-03-04,63.83000183105469,66.73999786376953
2021-03-05,66.08999633789062,69.36000061035156
2021-03-08,65.05000305175781,68.23999786376953
2021-03-09,64.01000213623047,67.5199966430664
2021-03-10,64.44000244140625,67.9000015258789
2021-03-11,66.0199966430664,69.62999725341797
2021-03-12,65.61000061035156,69.22000122070312
2021-03-15,65.38999938964844,68.87999725341797
2021-03-16,64.80000305175781,68.38999938964844
2021-03-17,64.5999984741211,68.0
2021-03-18,60.0,63.279998779296875
2021-03-19,61.41999816894531,64.52999877929688
2021-03-22,61.54999923706055,64.62000274658203
2021-03-23,57.7599983215332,60.790000915527344
2021-03-24,61.18000030517578,64.41000366210938
2021-03-25,58.560001373291016,61.95000076293945
2021-03-26,60.970001220703125,64.56999969482422
2021-03-29,61.560001373291016,64.9800033569336
2021-03-30,60.54999923706055,64.13999938964844
2021-03-31,59.15999984741211,63.540000915527344
2021-04-01,61.45000076293945,64.86000061035156
2021-04-05,58.650001525878906,62.150001525878906
2021-04-06,59.33000183105469,62.7400016784668
2021-04-07,59.77000045776367,63.15999984741211
2021-04-08,59.599998474121094,63.20000076293945
2021-04-09,59.31999969482422,62.95000076293945
2021-04-12,59.70000076293945,63.279998779296875
2021-04-13,60.18000030517578,63.66999816894531
2021-04-14,63.150001525878906,66.58000183105469
2021-04-15,63.459999084472656,66.94000244140625
2021-04-16,63.130001068115234,66.7699966430664
2021-04-19,63.380001068115234,67.05000305175781
2021-04-20,62.439998626708984,66.56999969482422
2021-04-21,61.349998474121094,65.31999969482422
2021-04-22,61.43000030517578,65.4000015258789
2021-04-23,62.13999938964844,66.11000061035156
2021-04-26,61.90999984741211,65.6500015258789
2021-04-27,62.939998626708984,66.41999816894531
2021-04-28,63.86000061035156,67.2699966430664
2021-04-29,65.01000213623047,68.55999755859375
2021-04-30,63.58000183105469,67.25
2021-05-03,64.48999786376953,67.55999755859375
2021-05-04,65.69000244140625,68.87999725341797
2021-05-05,65.62999725341797,68.95999908447266
2021-05-06,64.70999908447266,68.08999633789062
2021-05-07,64.9000015258789,68.27999877929688
2021-05-10,64.91999816894531,68.31999969482422
2021-05-11,65.27999877929688,68.55000305175781
2021-05-12,66.08000183105469,69.31999969482422
2021-05-13,63.81999969482422,67.05000305175781
2021-05-14,65.37000274658203,68.70999908447266
2021-05-17,66.2699966430664,69.45999908447266
2021-05-18,65.48999786376953,68.70999908447266
2021-05-19,63.36000061035156,66.66000366210938
2021-05-20,62.04999923706055,65.11000061035156
2021-05-21,63.58000183105469,66.44000244140625
2021-05-24,66.05000305175781,68.45999908447266
2021-05-25,66.06999969482422,68.6500015258789
2021-05-26,66.20999908447266,68.87000274658203
2021-05-27,66.8499984741211,69.45999908447266
2021-05-28,66.31999969482422,69.62999725341797
2021-06-01,67.72000122070312,70.25
2021-06-02,68.83000183105469,71.3499984741211
2021-06-03,68.80999755859375,71.30999755859375
2021-06-04,69.62000274658203,71.88999938964844
2021-06-07,69.2300033569336,71.48999786376953
2021-06-08,70.05000305175781,72.22000122070312
2021-06-09,69.95999908447266,72.22000122070312
2021-06-10,70.29000091552734,72.5199966430664
2021-06-11,70.91000366210938,72.69000244140625
2021-06-14,70.87999725341797,72.86000061035156
2021-06-15,72.12000274658203,73.98999786376953
2021-06-16,72.1500015258789,74.38999938964844
2021-06-17,71.04000091552734,73.08000183105469
2021-06-18,71.63999938964844,73.51000213623047
2021-06-21,73.66000366210938,74.9000015258789
2021-06-22,73.05999755859375,74.80999755859375
2021-06-23,73.08000183105469,75.19000244140625
2021-06-24,73.30000305175781,75.55999755859375
2021-06-25,74.05000305175781,76.18000030517578
2021-06-28,72.91000366210938,74.68000030517578
2021-06-29,72.9800033569336,74.76000213623047
2021-06-30,73.47000122070312,75.12999725341797
2021-07-01,75.2300033569336,75.83999633789062
2021-07-02,75.16000366210938,76.16999816894531
2021-07-06,73.37000274658203,74.52999877929688
2021-07-07,72.19999694824219,73.43000030517578
2021-07-08,72.94000244140625,74.12000274658203
2021-07-09,74.55999755859375,75.55000305175781
2021-07-12,74.0999984741211,75.16000366210938
2021-07-13,75.25,76.48999786376953
2021-07-14,73.12999725341797,74.76000213623047
2021-07-15,71.6500015258789,73.47000122070312
2021-07-16,71.80999755859375,73.58999633789062
2021-07-19,66.41999816894531,68.62000274658203
2021-07-20,67.41999816894531,69.3499984741211
2021-07-21,70.30000305175781,72.2300033569336
2021-07-22,71.91000366210938,73.79000091552734
2021-07-23,72.06999969482422,74.0999984741211
2021-07-26,71.91000366210938,74.5
2021-07-27,71.6500015258789,74.4800033569336
2021-07-28,72.38999938964844,74.73999786376953
2021-07-29,73.62000274658203,76.05000305175781
2021-07-30,73.94999694824219,76.33000183105469
2021-08-02,71.26000213623047,72.88999938964844
2021-08-03,70.55999755859375,72.41000366210938
2021-08-04,68.1500015258789,70.37999725341797
2021-08-05,69.08999633789062,71.29000091552734
2021-08-06,68.27999877929688,70.69999694824219
2021-08-09,66.4800033569336,69.04000091552734
2021-08-10,68.29000091552734,70.62999725341797
2021-08-11,69.25,71.44000244140625
2021-08-12,69.08999633789062,71.30999755859375
2021-08-13,68.44000244140625,70.58999633789062
2021-08-16,67.29000091552734,69.51000213623047
2021-08-17,66.58999633789062,69.02999877929688
2021-08-18,65.45999908447266,68.2300033569336
2021-08-19,63.689998626708984,66.44999694824219
2021-08-20,62.31999969482422,65.18000030517578
2021-08-23,65.63999938964844,68.75
2021-08-24,67.54000091552734,71.05000305175781
2021-08-25,68.36000061035156,72.25
2021-08-26,67.41999816894531,71.06999969482422
2021-08-27,68.73999786376953,72.69999694824219
2021-08-30,69.20999908447266,73.41000366210938
2021-08-31,68.5,72.98999786376953
2021-09-01,68.58999633789062,71.58999633789062
2021-09-02,69.98999786376953,73.02999877929688
2021-09-03,69.29000091552734,72.61000061035156
2021-09-07,68.3499984741211,71.69000244140625
2021-09-08,69.30000305175781,72.5999984741211
2021-09-09,68.13999938964844,71.44999694824219
2021-09-10,69.72000122070312,72.91999816894531
2021-09-13,70.44999694824219,73.51000213623047
2021-09-14,70.45999908447266,73.5999984741211
2021-09-15,72.61000061035156,75.45999908447266
2021-09-16,72.61000061035156,75.66999816894531
2021-09-17,71.97000122070312,75.33999633789062
2021-09-20,70.29000091552734,73.91999816894531
2021-09-21,70.55999755859375,74.36000061035156
2021-09-22,72.2300033569336,76.19000244140625
2021-09-23,73.30000305175781,77.25
2021-09-24,73.9800033569336,78.08999633789062
2021-09-27,75.44999694824219,79.52999877929688
2021-09-28,75.29000091552734,79.08999633789062
2021-09-29,74.83000183105469,78.63999938964844
2021-09-30,75.02999877929688,78.5199966430664
2021-10-01,75.87999725341797,79.27999877929688
2021-10-04,77.62000274658203,81.26000213623047
2021-10-05,78.93000030517578,82.55999755859375
2021-10-06,77.43000030517578,81.08000183105469
2021-10-07,78.30000305175781,81.94999694824219
2021-10-08,79.3499984741211,82.38999938964844
2021-10-11,80.5199966430664,83.6500015258789
2021-10-12,80.63999938964844,83.41999816894531
2021-10-13,80.44000244140625,83.18000030517578
2021-10-14,81.30999755859375,84.0
2021-10-15,82.27999877929688,84.86000061035156
2021-10-18,82.44000244140625,84.33000183105469
2021-10-19,82.95999908447266,85.08000183105469
2021-10-20,83.87000274658203,85.81999969482422
2021-10-21,82.5,84.61000061035156
2021-10-22,83.76000213623047,85.52999877929688
2021-10-25,83.76000213623047,85.98999786376953
2021-10-26,84.6500015258789,86.4000015258789
2021-10-27,82.66000366210938,84.58000183105469
2021-10-28,82.80999755859375,84.31999969482422
2021-10-29,83.56999969482422,84.37999725341797
2021-11-01,84.05000305175781,84.70999908447266
2021-11-02,83.91000366210938,84.72000122070312
2021-11-03,80.86000061035156,81.98999786376953
2021-11-04,78.80999755859375,80.54000091552734
2021-11-05,81.2699966430664,82.73999786376953
2021-11-08,81.93000030517578,83.43000030517578
2021-11-09,84.1500015258789,84.77999877929688
2021-11-10,81.33999633789062,82.63999938964844
2021-11-11,81.58999633789062,82.87000274658203
2021-11-12,80.79000091552734,82.16999816894531
2021-11-15,80.87999725341797,82.05000305175781
2021-11-16,80.76000213623047,82.43000030517578
2021-11-17,78.36000061035156,80.27999877929688
2021-11-18,79.01000213623047,81.23999786376953
2021-11-19,76.0999984741211,78.88999938964844
2021-11-22,76.75,79.69999694824219
2021-11-23,78.5,82.30999755859375
2021-11-24,78.38999938964844,82.25
2021-11-26,68.1500015258789,72.72000122070312
2021-11-29,69.94999694824219,73.44000244140625
2021-11-30,66.18000030517578,70.56999969482422
2021-12-01,65.56999969482422,68.87000274658203
2021-12-02,66.5,69.66999816894531
2021-12-03,66.26000213623047,69.87999725341797
2021-12-06,69.48999786376953,73.08000183105469
2021-12-07,72.05000305175781,75.44000244140625
2021-12-08,72.36000061035156,75.81999969482422
2021-12-09,70.94000244140625,74.41999816894531
2021-12-10,71.66999816894531,75.1500015258789
2021-12-13,71.29000091552734,74.38999938964844
2021-12-14,70.7300033569336,73.69999694824219
2021-12-15,70.87000274658203,73.87999725341797
2021-12-16,72.37999725341797,75.0199966430664
2021-12-17,70.86000061035156,73.5199966430664
2021-12-20,68.2300033569336,71.5199966430664
2021-12-21,71.12000274658203,73.9800033569336
2021-12-22,72.76000213623047,75.29000091552734
2021-12-23,73.79000091552734,76.8499984741211
2021-12-27,75.56999969482422,78.5999984741211
2021-12-28,75.9800033569336,78.94000244140625
2021-12-29,76.55999755859375,79.2300033569336
2021-12-30,76.98999786376953,79.31999969482422
2021-12-31,75.20999908447266,77.77999877929688
2022-01-03,76.08000183105469,78.9800033569336
2022-01-04,76.98999786376953,80.0
2022-01-05,77.8499984741211,80.80000305175781
2022-01-06,79.45999908447266,81.98999786376953
2022-01-07,78.9000015258789,81.75
2022-01-10,78.2300033569336,80.87000274658203
2022-01-11,81.22000122070312,83.72000122070312
2022-01-12,82.63999938964844,84.66999816894531
2022-01-13,82.12000274658203,84.47000122070312
2022-01-14,83.81999969482422,86.05999755859375
2022-01-18,85.43000030517578,87.51000213623047
2022-01-19,86.95999908447266,88.44000244140625
2022-01-20,86.9000015258789,88.37999725341797
2022-01-21,85.13999938964844,87.88999938964844
2022-01-24,83.30999755859375,86.2699966430664
2022-01-25,85.5999984741211,88.19999694824219
2022-01-26,87.3499984741211,89.95999908447266
2022-01-27,86.61000061035156,89.33999633789062
2022-01-28,86.81999969482422,90.02999877929688
2022-01-31,88.1500015258789,91.20999908447266
2022-02-01,88.19999694824219,89.16000366210938
2022-02-02,88.26000213623047,89.47000122070312
2022-02-03,90.2699966430664,91.11000061035156
2022-02-04,92.30999755859375,93.2699966430664
2022-02-07,91.31999969482422,92.69000244140625
2022-02-08,89.36000061035156,90.77999877929688
2022-02-09,89.66000366210938,91.55000305175781
2022-02-10,89.87999725341797,91.41000366210938
2022-02-11,93.0999984741211,94.44000244140625
2022-02-14,95.45999908447266,96.4800033569336
2022-02-15,92.06999969482422,93.27999877929688
2022-02-16,93.66000366210938,94.80999755859375
2022-02-17,91.76000213623047,92.97000122070312
2022-02-18,91.06999969482422,93.54000091552734
2022-02-22,92.3499984741211,96.83999633789062
2022-02-23,92.0999984741211,96.83999633789062
2022-02-24,92.80999755859375,99.08000183105469
2022-02-25,91.58999633789062,97.93000030517578
2022-02-28,95.72000122070312,100.98999786376953
2022-03-01,103.41000366210938,104.97000122070312
2022-03-02,110.5999984741211,112.93000030517578
2022-03-03,107.66999816894531,110.45999908447266
2022-03-04,115.68000030517578,118.11000061035156
2022-03-07,119.4000015258789,123.20999908447266
2022-03-08,123.69999694824219,127.9800033569336
2022-03-09,108.69999694824219,111.13999938964844
2022-03-10,106.0199966430664,109.33000183105469
2022-03-11,109.33000183105469,112.66999816894531
2022-03-14,103.01000213623047,106.9000015258789
2022-03-15,96.44000244140625,99.91000366210938
2022-03-16,95.04000091552734,98.0199966430664
2022-03-17,102.9800033569336,106.63999938964844
2022-03-18,104.69999694824219,107.93000030517578
2022-03-21,112.12000274658203,115.62000274658203
2022-03-22,111.76000213623047,115.4800033569336
2022-03-23,114.93000030517578,121.5999984741211
2022-03-24,112.33999633789062,119.02999877929688
2022-03-25,113.9000015258789,120.6500015258789
2022-03-28,105.95999908447266,112.4800033569336
2022-03-29,104.23999786376953,110.2300033569336
2022-03-30,107.81999969482422,113.44999694824219
2022-03-31,100.27999877929688,107.91000366210938
2022-04-01,99.2699966430664,104.38999938964844
2022-04-04,103.27999877929688,107.52999877929688
2022-04-05,101.95999908447266,106.63999938964844
2022-04-06,96.2300033569336,101.06999969482422
2022-04-07,96.02999877929688,100.58000183105469
2022-04-08,98.26000213623047,102.77999877929688
2022-04-11,94.29000091552734,98.4800033569336
2022-04-12,100.5999984741211,104.63999938964844
2022-04-13,104.25,108.77999877929688
2022-04-14,106.94999694824219,111.69999694824219
2022-04-18,108.20999908447266,113.16000366210938
2022-04-19,102.55999755859375,107.25
2022-04-20,102.75,106.80000305175781
2022-04-21,103.79000091552734,108.33000183105469
2022-04-22,102.06999969482422,106.6500015258789
2022-04-25,98.54000091552734,102.31999969482422
2022-04-26,101.69999694824219,104.98999786376953
2022-04-27,102.0199966430664,105.31999969482422
2022-04-28,105.36000061035156,107.58999633789062
2022-04-29,104.69000244140625,109.33999633789062
2022-05-02,105.16999816894531,107.58000183105469
2022-05-03,102.41000366210938,104.97000122070312
2022-05-04,107.80999755859375,110.13999938964844
2022-05-05,108.26000213623047,110.9000015258789
2022-05-06,109.7699966430664,112.38999938964844
2022-05-09,103.08999633789062,105.94000244140625
2022-05-10,99.76000213623047,102.45999908447266
2022-05-11,105.70999908447266,107.51000213623047
2022-05-12,106.12999725341797,107.44999694824219
2022-05-13,110.48999786376953,111.55000305175781
2022-05-16,114.19999694824219,114.23999786376953
2022-05-17,112.4000015258789,111.93000030517578
2022-05-18,109.58999633789062,109.11000061035156
2022-05-19,112.20999908447266,112.04000091552734
2022-05-20,113.2300033569336,112.55000305175781
2022-05-23,110.29000091552734,113.41999816894531
2022-05-24,109.7699966430664,113.55999755859375
2022-05-25,110.33000183105469,114.02999877929688
2022-05-26,114.08999633789062,117.4000015258789
2022-05-27,115.06999969482422,119.43000030517578
2022-05-31,114.66999816894531,122.83999633789062
2022-06-01,115.26000213623047,116.29000091552734
2022-06-02,116.87000274658203,117.61000061035156
2022-06-03,118.87000274658203,119.72000122070312
2022-06-06,118.5,119.51000213623047
2022-06-07,119.41000366210938,120.56999969482422
2022-06-08,122.11000061035156,123.58000183105469
2022-06-09,121.51000213623047,123.06999969482422
2022-06-10,120.66999816894531,122.01000213623047
2022-06-13,120.93000030517578,122.2699966430664
2022-06-14,118.93000030517578,121.16999816894531
2022-06-15,115.30999755859375,118.51000213623047
2022-06-16,117.58999633789062,119.80999755859375
2022-06-17,109.55999755859375,113.12000274658203
2022-06-21,110.6500015258789,114.6500015258789
2022-06-22,106.19000244140625,111.73999786376953
2022-06-23,104.2699966430664,110.05000305175781
2022-06-24,107.62000274658203,113.12000274658203
2022-06-27,109.56999969482422,115.08999633789062
2022-06-28,111.76000213623047,117.9800033569336
2022-06-29,109.77999877929688,116.26000213623047
2022-06-30,105.76000213623047,114.80999755859375
2022-07-01,108.43000030517578,111.62999725341797
2022-07-05,99.5,102.7699966430664
2022-07-06,98.52999877929688,100.69000244140625
2022-07-07,102.7300033569336,104.6500015258789
2022-07-08,104.79000091552734,107.0199966430664
2022-07-11,104.08999633789062,107.0999984741211
2022-07-12,95.83999633789062,99.48999786376953
2022-07-13,96.30000305175781,99.56999969482422
2022-07-14,95.77999877929688,99.0999984741211
2022-07-15,97.58999633789062,101.16000366210938
2022-07-18,102.5999984741211,106.2699966430664
2022-07-19,104.22000122070312,107.3499984741211
2022-07-20,102.26000213623047,106.91999816894531
2022-07-21,96.3499984741211,103.86000061035156
2022-07-22,94.69999694824219,103.19999694824219
2022-07-25,96.69999694824219,105.1500015258789
2022-07-26,94.9800033569336,104.4000015258789
2022-07-27,97.26000213623047,106.62000274658203
2022-07-28,96.41999816894531,107.13999938964844
2022-07-29,98.62000274658203,110.01000213623047
2022-08-01,93.88999938964844,100.02999877929688
2022-08-02,94.41999816894531,100.54000091552734
2022-08-03,90.66000366210938,96.77999877929688
2022-08-04,88.54000091552734,94.12000274658203
2022-08-05,89.01000213623047,94.91999816894531
2022-08-08,90.76000213623047,96.6500015258789
2022-08-09,90.5,96.30999755859375
2022-08-10,91.93000030517578,97.4000015258789
2022-08-11,94.33999633789062,99.5999984741211
2022-08-12,92.08999633789062,98.1500015258789
2022-08-15,89.41000366210938,95.0999984741211
2022-08-16,86.52999877929688,92.33999633789062
2022-08-17,88.11000061035156,93.6500015258789
2022-08-18,90.5,96.58999633789062
2022-08-19,90.7699966430664,96.72000122070312
2022-08-22,90.2300033569336,96.4800033569336
2022-08-23,93.73999786376953,100.22000122070312
2022-08-24,94.88999938964844,101.22000122070312
2022-08-25,92.5199966430664,99.33999633789062
2022-08-26,93.05999755859375,100.98999786376953
2022-08-29,97.01000213623047,105.08999633789062
2022-08-30,91.63999938964844,99.30999755859375
2022-08-31,89.55000305175781,96.48999786376953
2022-09-01,86.61000061035156,92.36000061035156
2022-09-02,86.87000274658203,93.0199966430664
2022-09-06,86.87999725341797,92.83000183105469
2022-09-07,81.94000244140625,88.0
2022-09-08,83.54000091552734,89.1500015258789
2022-09-09,86.79000091552734,92.83999633789062
2022-09-12,87.77999877929688,94.0
2022-09-13,87.30999755859375,93.16999816894531
2022-09-14,88.4800033569336,94.0999984741211
2022-09-15,85.0999984741211,90.83999633789062
2022-09-16,85.11000061035156,91.3499984741211
2022-09-19,85.7300033569336,92.0
2022-09-20,84.44999694824219,90.62000274658203
2022-09-21,82.94000244140625,89.83000183105469
2022-09-22,83.48999786376953,90.45999908447266
2022-09-23,78.73999786376953,86.1500015258789
2022-09-26,76.70999908447266,84.05999755859375
2022-09-27,78.5,86.2699966430664
2022-09-28,82.1500015258789,89.31999969482422
2022-09-29,81.2300033569336,88.48999786376953
2022-09-30,79.48999786376953,87.95999908447266
2022-10-03,83.62999725341797,88.86000061035156
2022-10-04,86.5199966430664,91.80000305175781
2022-10-05,87.76000213623047,93.37000274658203
2022-10-06,88.44999694824219,94.41999816894531
2022-10-07,92.63999938964844,97.91999816894531
2022-10-10,91.12999725341797,96.19000244140625
2022-10-11,89.3499984741211,94.29000091552734
2022-10-12,87.2699966430664,92.44999694824219
2022-10-13,89.11000061035156,94.56999969482422
2022-10-14,85.61000061035156,91.62999725341797
2022-10-17,85.45999908447266,91.62000274658203
2022-10-18,82.81999969482422,90.02999877929688
2022-10-19,85.55000305175781,92.41000366210938
2022-10-20,85.9800033569336,92.37999725341797
2022-10-21,85.05000305175781,93.5
2022-10-24,84.58000183105469,93.26000213623047
2022-10-25,85.31999969482422,93.5199966430664
2022-10-26,87.91000366210938,95.69000244140625
2022-10-27,89.08000183105469,96.95999908447266
2022-10-28,87.9000015258789,95.7699966430664
2022-10-31,86.52999877929688,94.83000183105469
2022-11-01,88.37000274658203,94.6500015258789
2022-11-02,90.0,96.16000366210938
2022-11-03,88.16999816894531,94.66999816894531
2022-11-04,92.61000061035156,98.56999969482422
2022-11-07,91.79000091552734,97.91999816894531
2022-11-08,88.91000366210938,95.36000061035156
2022-11-09,85.83000183105469,92.6500015258789
2022-11-10,86.47000122070312,93.66999816894531
2022-11-11,88.95999908447266,95.98999786376953
2022-11-14,85.87000274658203,93.13999938964844
2022-11-15,86.91999816894531,93.86000061035156
2022-11-16,85.58999633789062,92.86000061035156
2022-11-17,81.63999938964844,89.77999877929688
2022-11-18,80.08000183105469,87.62000274658203
2022-11-21,79.7300033569336,87.44999694824219
2022-11-22,80.94999694824219,88.36000061035156
2022-11-23,77.94000244140625,85.41000366210938
2022-11-25,76.27999877929688,83.62999725341797
2022-11-28,77.23999786376953,83.19000244140625
2022-11-29,78.19999694824219,83.02999877929688
2022-11-30,80.55000305175781,85.43000030517578
2022-12-01,81.22000122070312,86.87999725341797
2022-12-02,79.9800033569336,85.56999969482422
2022-12-05,76.93000030517578,82.68000030517578
2022-12-06,74.25,79.3499984741211
2022-12-07,72.01000213623047,77.16999816894531
2022-12-08,71.45999908447266,76.1500015258789
2022-12-09,71.0199966430664,76.0999984741211
2022-12-12,73.16999816894531,77.98999786376953
2022-12-13,75.38999938964844,80.68000030517578
2022-12-14,77.27999877929688,82.69999694824219
2022-12-15,76.11000061035156,81.20999908447266
2022-12-16,74.29000091552734,79.04000091552734
2022-12-19,75.19000244140625,79.80000305175781
2022-12-20,76.08999633789062,79.98999786376953
2022-12-21,78.29000091552734,82.19999694824219
2022-12-22,77.48999786376953,80.9800033569336
2022-12-23,79.55999755859375,83.91999816894531
2022-12-27,79.52999877929688,84.33000183105469
2022-12-28,78.95999908447266,83.26000213623047
2022-12-29,78.4000015258789,82.26000213623047
2022-12-30,80.26000213623047,85.91000366210938
2023-01-03,76.93000030517578,82.0999984741211
2023-01-04,72.83999633789062,77.83999633789062
2023-01-05,73.66999816894531,78.69000244140625
2023-01-06,73.7699966430664,78.56999969482422
2023-01-09,74.62999725341797,79.6500015258789
2023-01-10,75.12000274658203,80.0999984741211
2023-01-11,77.41000366210938,82.66999816894531
2023-01-12,78.38999938964844,84.02999877929688
2023-01-13,79.86000061035156,85.27999877929688
2023-01-17,80.18000030517578,85.91999816894531
2023-01-18,79.4800033569336,84.9800033569336
2023-01-19,80.33000183105469,86.16000366210938
2023-01-20,81.30999755859375,87.62999725341797
2023-01-23,81.62000274658203,88.19000244140625
2023-01-24,80.12999725341797,86.12999725341797
2023-01-25,80.1500015258789,86.12000274658203
2023-01-26,81.01000213623047,87.47000122070312
2023-01-27,79.68000030517578,86.66000366210938
2023-01-30,77.9000015258789,84.9000015258789
2023-01-31,78.87000274658203,84.48999786376953
2023-02-01,76.41000366210938,82.83999633789062
2023-02-02,75.87999725341797,82.16999816894531
2023-02-03,73.38999938964844,79.94000244140625
2023-02-06,74.11000061035156,80.98999786376953
2023-02-07,77.13999938964844,83.69000244140625
2023-02-08,78.47000122070312,85.08999633789062
2023-02-09,78.05999755859375,84.5
2023-02-10,79.72000122070312,86.38999938964844
2023-02-13,80.13999938964844,86.61000061035156
2023-02-14,79.05999755859375,85.58000183105469
2023-02-15,78.58999633789062,85.37999725341797
2023-02-16,78.48999786376953,85.13999938964844
2023-02-17,76.33999633789062,83.0
2023-02-21,76.16000366210938,83.05000305175781
2023-02-22,73.94999694824219,80.5999984741211
2023-02-23,75.38999938964844,82.20999908447266
2023-02-24,76.31999969482422,83.16000366210938
2023-02-27,75.68000030517578,82.44999694824219
2023-02-28,77.05000305175781,83.88999938964844
2023-03-01,77.69000244140625,84.30999755859375
2023-03-02,78.16000366210938,84.75
2023-03-03,79.68000030517578,85.83000183105469
2023-03-06,80.45999908447266,86.18000030517578
2023-03-07,77.58000183105469,83.29000091552734
2023-03-08,76.66000366210938,82.66000366210938
2023-03-09,75.72000122070312,81.58999633789062
2023-03-10,76.68000030517578,82.77999877929688
2023-03-13,74.80000305175781,80.7699966430664
2023-03-14,71.33000183105469,77.44999694824219
2023-03-15,67.61000061035156,73.69000244140625
2023-03-16,68.3499984741211,74.69999694824219
2023-03-17,66.73999786376953,72.97000122070312
2023-03-20,67.63999938964844,73.79000091552734
2023-03-21,69.33000183105469,75.31999969482422
2023-03-22,70.9000015258789,76.69000244140625
2023-03-23,69.95999908447266,75.91000366210938
2023-03-24,69.26000213623047,74.98999786376953
2023-03-27,72.80999755859375,78.12000274658203
2023-03-28,73.19999694824219,78.6500015258789
2023-03-29,72.97000122070312,78.27999877929688
2023-03-30,74.37000274658203,79.2699966430664
2023-03-31,75.66999816894531,79.7699966430664
2023-04-03,80.41999816894531,84.93000030517578
2023-04-04,80.70999908447266,84.94000244140625
2023-04-05,80.61000061035156,84.98999786376953
2023-04-06,80.69999694824219,85.12000274658203
2023-04-10,79.73999786376953,84.18000030517578
2023-04-11,81.52999877929688,85.61000061035156
2023-04-12,83.26000213623047,87.33000183105469
2023-04-13,82.16000366210938,86.08999633789062
2023-04-14,82.5199966430664,86.30999755859375
2023-04-17,80.83000183105469,84.76000213623047
2023-04-18,80.86000061035156,84.7699966430664
2023-04-19,79.16000366210938,83.12000274658203
2023-04-20,77.29000091552734,81.0999984741211
2023-04-21,77.87000274658203,81.66000366210938
2023-04-24,78.76000213623047,82.7300033569336
2023-04-25,77.06999969482422,80.7699966430664
2023-04-26,74.30000305175781,77.69000244140625
2023-04-27,74.76000213623047,78.37000274658203
2023-04-28,76.77999877929688,79.54000091552734
2023-05-01,75.66000366210938,79.30999755859375
2023-05-02,71.66000366210938,75.31999969482422
2023-05-03,68.5999984741211,72.33000183105469
2023-05-04,68.55999755859375,72.5
2023-05-05,71.33999633789062,75.30000305175781
2023-05-08,73.16000366210938,77.01000213623047
2023-05-09,73.70999908447266,77.44000244140625
2023-05-10,72.55999755859375,76.41000366210938
2023-05-11,70.87000274658203,74.9800033569336
2023-05-12,70.04000091552734,74.16999816894531
2023-05-15,71.11000061035156,75.2300033569336
2023-05-16,70.86000061035156,74.91000366210938
2023-05-17,72.83000183105469,76.95999908447266
2023-05-18,71.86000061035156,75.86000061035156
2023-05-19,71.55000305175781,75.58000183105469
2023-05-22,71.98999786376953,75.98999786376953
2023-05-23,72.91000366210938,76.83999633789062
2023-05-24,74.33999633789062,78.36000061035156
2023-05-25,71.83000183105469,76.26000213623047
2023-05-26,72.66999816894531,76.94999694824219
2023-05-30,69.45999908447266,73.54000091552734
2023-05-31,68.08999633789062,72.66000366210938
2023-06-01,70.0999984741211,74.27999877929688
2023-06-02,71.73999786376953,76.12999725341797
2023-06-05,72.1500015258789,76.70999908447266
2023-06-06,71.73999786376953,76.29000091552734
2023-06-07,72.52999877929688,76.94999694824219
2023-06-08,71.29000091552734,75.95999908447266
2023-06-09,70.16999816894531,74.79000091552734
2023-06-12,67.12000274658203,71.83999633789062
2023-06-13,69.41999816894531,74.29000091552734
2023-06-14,68.2699966430664,73.19999694824219
2023-06-15,70.62000274658203,75.66999816894531
2023-06-16,71.77999877929688,76.61000061035156
2023-06-20,70.5,75.9000015258789
2023-06-21,72.52999877929688,77.12000274658203
2023-06-22,69.51000213623047,74.13999938964844
2023-06-23,69.16000366210938,73.8499984741211
2023-06-26,69.37000274658203,74.18000030517578
2023-06-27,67.69999694824219,72.26000213623047
2023-06-28,69.55999755859375,74.02999877929688
2023-06-29,69.86000061035156,74.33999633789062
2023-06-30,70.63999938964844,74.9000015258789
2023-07-03,69.79000091552734,74.6500015258789
2023-07-05,71.79000091552734,76.6500015258789
2023-07-06,71.80000305175781,76.5199966430664
2023-07-07,73.86000061035156,78.47000122070312
2023-07-10,72.98999786376953,77.69000244140625
2023-07-11,74.83000183105469,79.4000015258789
2023-07-12,75.75,80.11000061035156
2023-07-13,76.88999938964844,81.36000061035156
2023-07-14,75.41999816894531,79.87000274658203
2023-07-17,74.1500015258789,78.5
2023-07-18,75.75,79.62999725341797
2023-07-19,75.3499984741211,79.45999908447266
2023-07-20,75.62999725341797,79.63999938964844
2023-07-21,77.06999969482422,81.06999969482422
2023-07-24,78.73999786376953,82.73999786376953
2023-07-25,79.62999725341797,83.63999938964844
2023-07-26,78.77999877929688,82.91999816894531
2023-07-27,80.08999633789062,84.23999786376953
2023-07-28,80.58000183105469,84.98999786376953
2023-07-31,81.80000305175781,85.55999755859375
2023-08-01,81.37000274658203,84.91000366210938
2023-08-02,79.48999786376953,83.19999694824219
2023-08-03,81.55000305175781,85.13999938964844
2023-08-04,82.81999969482422,86.23999786376953
2023-08-07,81.94000244140625,85.33999633789062
2023-08-08,82.91999816894531,86.16999816894531
2023-08-09,84.4000015258789,87.55000305175781
2023-08-10,82.81999969482422,86.4000015258789
2023-08-11,83.19000244140625,86.80999755859375
2023-08-14,82.51000213623047,86.20999908447266
2023-08-15,80.98999786376953,84.88999938964844
2023-08-16,79.37999725341797,83.44999694824219
2023-08-17,80.38999938964844,84.12000274658203
2023-08-18,81.25,84.80000305175781
2023-08-21,80.72000122070312,84.45999908447266
2023-08-22,80.3499984741211,84.02999877929688
2023-08-23,78.88999938964844,83.20999908447266
2023-08-24,79.05000305175781,83.36000061035156
2023-08-25,79.83000183105469,84.4800033569336
2023-08-28,80.0999984741211,84.41999816894531
2023-08-29,81.16000366210938,85.48999786376953
2023-08-30,81.62999725341797,85.86000061035156
2023-08-31,83.62999725341797,86.86000061035156
2023-09-01,85.55000305175781,88.55000305175781
2023-09-05,86.69000244140625,90.04000091552734
2023-09-06,87.54000091552734,90.5999984741211
2023-09-07,86.87000274658203,89.91999816894531
2023-09-08,87.51000213623047,90.6500015258789
2023-09-11,87.29000091552734,90.63999938964844
2023-09-12,88.83999633789062,92.05999755859375
2023-09-13,88.5199966430664,91.87999725341797
2023-09-14,90.16000366210938,93.69999694824219
2023-09-15,90.7699966430664,93.93000030517578
2023-09-18,91.4800033569336,94.43000030517578
2023-09-19,91.19999694824219,94.33999633789062
2023-09-20,90.27999877929688,93.52999877929688
2023-09-21,89.62999725341797,93.30000305175781
2023-09-22,90.02999877929688,93.2699966430664
2023-09-25,89.68000030517578,93.29000091552734
2023-09-26,90.38999938964844,93.95999908447266
2023-09-27,93.68000030517578,96.55000305175781
2023-09-28,91.70999908447266,95.37999725341797
2023-09-29,90.79000091552734,95.30999755859375
2023-10-02,88.81999969482422,90.70999908447266
2023-10-03,89.2300033569336,90.91999816894531
2023-10-04,84.22000122070312,85.80999755859375
2023-10-05,82.30999755859375,84.06999969482422
2023-10-06,82.79000091552734,84.58000183105469
2023-10-09,86.37999725341797,88.1500015258789
2023-10-10,85.97000122070312,87.6500015258789
2023-10-11,83.48999786376953,85.81999969482422
2023-10-12,82.91000366210938,86.0
2023-10-13,87.69000244140625,90.88999938964844
2023-10-16,86.66000366210938,89.6500015258789
2023-10-17,86.66000366210938,89.9000015258789
2023-10-18,88.31999969482422,91.5
2023-10-19,89.37000274658203,92.37999725341797
2023-10-20,88.75,92.16000366210938
2023-10-23,85.48999786376953,89.83000183105469
2023-10-24,83.73999786376953,88.06999969482422
2023-10-25,85.38999938964844,90.12999725341797
2023-10-26,83.20999908447266,87.93000030517578
2023-10-27,85.54000091552734,90.4800033569336
2023-10-30,82.30999755859375,87.44999694824219
2023-10-31,81.0199966430664,87.41000366210938
2023-11-01,80.44000244140625,84.62999725341797
2023-11-02,82.45999908447266,86.8499984741211
2023-11-03,80.51000213623047,84.88999938964844
2023-11-06,80.81999969482422,85.18000030517578
2023-11-07,77.37000274658203,81.61000061035156
2023-11-08,75.33000183105469,79.54000091552734
2023-11-09,75.73999786376953,80.01000213623047
2023-11-10,77.16999816894531,81.43000030517578
2023-11-13,78.26000213623047,82.5199966430664
2023-11-14,78.26000213623047,82.47000122070312
2023-11-15,76.66000366210938,81.18000030517578
2023-11-16,72.9000015258789,77.41999816894531
2023-11-17,75.88999938964844,80.61000061035156
2023-11-20,77.5999984741211,82.31999969482422
2023-11-21,77.7699966430664,82.44999694824219
2023-11-22,77.0999984741211,81.95999908447266
2023-11-23,,81.37000274658203
2023-11-24,75.54000091552734,80.58000183105469
2023-11-27,74.86000061035156,79.9800033569336
2023-11-28,76.41000366210938,81.68000030517578
2023-11-29,77.86000061035156,83.0999984741211
2023-11-30,75.95999908447266,82.83000183105469
2023-12-01,74.06999969482422,78.87999725341797
2023-12-04,73.04000091552734,78.02999877929688
2023-12-05,72.31999969482422,77.19999694824219
2023-12-06,69.37999725341797,74.30000305175781
2023-12-07,69.33999633789062,74.05000305175781
2023-12-08,71.2300033569336,75.83999633789062
2023-12-11,71.31999969482422,76.02999877929688
2023-12-12,68.61000061035156,73.23999786376953
2023-12-13,69.47000122070312,74.26000213623047
2023-12-14,71.58000183105469,76.61000061035156
2023-12-15,71.43000030517578,76.55000305175781
2023-12-18,72.47000122070312,77.94999694824219
2023-12-19,73.44000244140625,79.2300033569336
2023-12-20,74.22000122070312,79.69999694824219
2023-12-21,73.88999938964844,79.38999938964844
2023-12-22,73.55999755859375,79.06999969482422
2023-12-26,75.56999969482422,81.06999969482422
2023-12-27,74.11000061035156,79.6500015258789
2023-12-28,71.7699966430664,78.38999938964844
2023-12-29,71.6500015258789,77.04000091552734
2024-01-02,70.37999725341797,75.88999938964844
2024-01-03,72.69999694824219,78.25
2024-01-04,72.19000244140625,77.58999633789062
2024-01-05,73.80999755859375,78.76000213623047
2024-01-08,70.7699966430664,76.12000274658203
2024-01-09,72.23999786376953,77.58999633789062
2024-01-10,71.37000274658203,76.80000305175781
2024-01-11,72.0199966430664,77.41000366210938
2024-01-12,72.68000030517578,78.29000091552734
2024-01-16,72.4000015258789,78.29000091552734
2024-01-17,72.55999755859375,77.87999725341797
2024-01-18,74.08000183105469,79.0999984741211
2024-01-19,73.41000366210938,78.55999755859375
2024-01-22,75.19000244140625,80.05999755859375
2024-01-23,74.37000274658203,79.55000305175781
2024-01-24,75.08999633789062,80.04000091552734
2024-01-25,77.36000061035156,82.43000030517578
2024-01-26,78.01000213623047,83.55000305175781
2024-01-29,76.77999877929688,82.4000015258789
2024-01-30,77.81999969482422,82.87000274658203
2024-01-31,75.8499984741211,81.70999908447266
2024-02-01,73.81999969482422,78.69999694824219
2024-02-02,72.27999877929688,77.33000183105469
2024-02-05,72.77999877929688,77.98999786376953
2024-02-06,73.30999755859375,78.58999633789062
2024-02-07,73.86000061035156,79.20999908447266
2024-02-08,76.22000122070312,81.62999725341797
2024-02-09,76.83999633789062,82.19000244140625
2024-02-12,76.91999816894531,82.0
2024-02-13,77.87000274658203,82.7699966430664
2024-02-14,76.63999938964844,81.5999984741211
2024-02-15,78.02999877929688,82.86000061035156
2024-02-16,79.19000244140625,83.47000122070312
2024-02-20,78.18000030517578,82.33999633789062
2024-02-21,77.91000366210938,83.02999877929688
2024-02-22,78.61000061035156,83.66999816894531
2024-02-23,76.48999786376953,81.62000274658203
2024-02-26,77.58000183105469,82.52999877929688
2024-02-27,78.87000274658203,83.6500015258789
2024-02-28,78.54000091552734,83.68000030517578
2024-02-29,78.26000213623047,83.62000274658203
2024-03-01,79.97000122070312,83.55000305175781
2024-03-04,78.73999786376953,82.80000305175781
2024-03-05,78.1500015258789,82.04000091552734
2024-03-06,79.12999725341797,82.95999908447266
2024-03-07,78.93000030517578,82.95999908447266
2024-03-08,78.01000213623047,82.08000183105469
2024-03-11,77.93000030517578,82.20999908447266
2024-03-12,77.55999755859375,81.91999816894531
2024-03-13,79.72000122070312,84.02999877929688
2024-03-14,81.26000213623047,85.41999816894531
2024-03-15,81.04000091552734,85.33999633789062
2024-03-18,82.72000122070312,86.88999938964844
2024-03-19,83.47000122070312,87.37999725341797
2024-03-20,81.68000030517578,85.94999694824219
2024-03-21,81.06999969482422,85.77999877929688
2024-03-22,80.62999725341797,85.43000030517578
2024-03-25,81.94999694824219,86.75
2024-03-26,81.62000274658203,86.25
2024-03-27,81.3499984741211,86.08999633789062
2024-03-28,83.16999816894531,87.4800033569336
2024-04-01,83.70999908447266,87.41999816894531
2024-04-02,85.1500015258789,88.91999816894531
2024-04-03,85.43000030517578,89.3499984741211
2024-04-04,86.58999633789062,90.6500015258789
2024-04-05,86.91000366210938,91.16999816894531
2024-04-08,86.43000030517578,90.37999725341797
2024-04-09,85.2300033569336,89.41999816894531
2024-04-10,86.20999908447266,90.4800033569336
2024-04-11,85.0199966430664,89.73999786376953
2024-04-12,85.66000366210938,90.44999694824219
2024-04-15,85.41000366210938,90.0999984741211
2024-04-16,85.36000061035156,90.0199966430664
2024-04-17,82.69000244140625,87.29000091552734
2024-04-18,82.7300033569336,87.11000061035156
2024-04-19,83.13999938964844,87.29000091552734
2024-04-22,82.8499984741211,87.0
2024-04-23,83.36000061035156,88.41999816894531
2024-04-24,82.80999755859375,88.0199966430664
2024-04-25,83.56999969482422,89.01000213623047
2024-04-26,83.8499984741211,89.5
2024-04-29,82.62999725341797,88.4000015258789
2024-04-30,81.93000030517578,87.86000061035156
2024-05-01,79.0,83.44000244140625
2024-05-02,78.94999694824219,83.66999816894531
2024-05-03,78.11000061035156,82.95999908447266
2024-05-06,78.4800033569336,83.33000183105469
2024-05-07,78.37999725341797,83.16000366210938
2024-05-08,78.98999786376953,83.58000183105469
2024-05-09,79.26000213623047,83.87999725341797
2024-05-10,78.26000213623047,82.79000091552734
2024-05-13,79.12000274658203,83.36000061035156
2024-05-14,78.0199966430664,82.37999725341797
2024-05-15,78.62999725341797,82.75
2024-05-16,79.2300033569336,83.2699966430664
2024-05-17,80.05999755859375,83.9800033569336
2024-05-20,79.80000305175781,83.70999908447266
2024-05-21,79.26000213623047,82.87999725341797
2024-05-22,77.56999969482422,81.9000015258789
2024-05-23,76.87000274658203,81.36000061035156
2024-05-24,77.72000122070312,82.12000274658203
2024-05-28,79.83000183105469,84.22000122070312
2024-05-29,79.2300033569336,83.5999984741211
2024-05-30,77.91000366210938,81.86000061035156
2024-05-31,76.98999786376953,81.62000274658203
2024-06-03,74.22000122070312,78.36000061035156
2024-06-04,73.25,77.5199966430664
2024-06-05,74.06999969482422,78.41000366210938
2024-06-06,75.55000305175781,79.87000274658203
2024-06-07,75.52999877929688,79.62000274658203
2024-06-10,77.73999786376953,81.62999725341797
2024-06-11,77.9000015258789,81.91999816894531
2024-06-12,78.5,82.5999984741211
2024-06-13,78.62000274658203,82.75
2024-06-14,78.44999694824219,82.62000274658203
2024-06-17,80.33000183105469,84.25
2024-06-18,81.56999969482422,85.33000183105469
2024-06-20,82.16999816894531,85.70999908447266
2024-06-21,80.7300033569336,85.23999786376953
2024-06-24,81.62999725341797,86.01000213623047
2024-06-25,80.83000183105469,85.01000213623047
2024-06-26,80.9000015258789,85.25
2024-06-27,81.73999786376953,86.38999938964844
2024-06-28,81.54000091552734,86.41000366210938
2024-07-01,83.37999725341797,86.5999984741211
2024-07-02,82.80999755859375,86.23999786376953
2024-07-03,83.87999725341797,87.33999633789062
2024-07-05,83.16000366210938,86.54000091552734
2024-07-08,82.33000183105469,85.75
2024-07-09,81.41000366210938,84.66000366210938
2024-07-10,82.0999984741211,85.08000183105469
2024-07-11,82.62000274658203,85.4000015258789
2024-07-12,82.20999908447266,85.02999877929688
2024-07-15,81.91000366210938,84.8499984741211
2024-07-16,80.76000213623047,83.7300033569336
2024-07-17,82.8499984741211,85.08000183105469
2024-07-18,82.81999969482422,85.11000061035156
2024-07-19,80.12999725341797,82.62999725341797
2024-07-22,79.77999877929688,82.4000015258789
2024-07-23,76.95999908447266,81.01000213623047
2024-07-24,77.58999633789062,81.70999908447266
2024-07-25,78.27999877929688,82.37000274658203
2024-07-26,77.16000366210938,81.12999725341797
2024-07-29,75.80999755859375,79.77999877929688
2024-07-30,74.7300033569336,78.62999725341797
2024-07-31,77.91000366210938,80.72000122070312
2024-08-01,76.30999755859375,79.5199966430664
2024-08-02,73.5199966430664,76.80999755859375
2024-08-05,72.94000244140625,76.30000305175781
2024-08-06,73.19999694824219,76.4800033569336
2024-08-07,75.2300033569336,78.33000183105469
2024-08-08,76.19000244140625,79.16000366210938
2024-08-09,76.83999633789062,79.66000366210938
2024-08-12,80.05999755859375,82.30000305175781
2024-08-13,78.3499984741211,80.69000244140625
2024-08-14,76.9800033569336,79.76000213623047
2024-08-15,78.16000366210938,81.04000091552734
2024-08-16,76.6500015258789,79.68000030517578
2024-08-19,74.37000274658203,77.66000366210938
2024-08-20,74.04000091552734,77.19999694824219
2024-08-21,71.93000030517578,76.05000305175781
2024-08-22,73.01000213623047,77.22000122070312
2024-08-23,74.83000183105469,79.0199966430664
2024-08-26,77.41999816894531,81.43000030517578
2024-08-27,75.52999877929688,79.55000305175781
2024-08-28,74.5199966430664,78.6500015258789
2024-08-29,75.91000366210938,79.94000244140625
2024-08-30,73.55000305175781,78.80000305175781
2024-09-03,70.33999633789062,73.75
2024-09-04,69.19999694824219,72.69999694824219
2024-09-05,69.1500015258789,72.69000244140625
2024-09-06,67.66999816894531,71.05999755859375
2024-09-09,68.70999908447266,71.83999633789062
2024-09-10,65.75,69.19000244140625
2024-09-11,67.30999755859375,70.61000061035156
2024-09-12,68.97000122070312,71.97000122070312
2024-09-13,68.6500015258789,71.61000061035156
2024-09-16,70.08999633789062,72.75
2024-09-17,71.19000244140625,73.69999694824219
2024-09-18,70.91000366210938,73.6500015258789
2024-09-19,71.94999694824219,74.87999725341797
2024-09-20,71.91999816894531,74.48999786376953
2024-09-23,70.37000274658203,73.9000015258789
2024-09-24,71.55999755859375,75.16999816894531
2024-09-25,69.69000244140625,73.45999908447266
2024-09-26,67.66999816894531,71.5999984741211
2024-09-27,68.18000030517578,71.9800033569336
2024-09-30,68.16999816894531,71.7699966430664
2024-10-01,69.83000183105469,73.55999755859375
2024-10-02,70.0999984741211,73.9000015258789
2024-10-03,73.70999908447266,77.62000274658203
2024-10-04,74.37999725341797,78.05000305175781
2024-10-07,77.13999938964844,80.93000030517578
2024-10-08,73.56999969482422,77.18000030517578
2024-10-09,73.23999786376953,76.58000183105469
2024-10-10,75.8499984741211,79.4000015258789
2024-10-11,75.55999755859375,79.04000091552734
2024-10-14,73.83000183105469,77.45999908447266
2024-10-15,70.58000183105469,74.25
2024-10-16,70.38999938964844,74.22000122070312
2024-10-17,70.66999816894531,74.44999694824219
2024-10-18,69.22000122070312,73.05999755859375
2024-10-21,70.55999755859375,74.29000091552734
2024-10-22,72.08999633789062,76.04000091552734
2024-10-23,70.7699966430664,74.95999908447266
2024-10-24,70.19000244140625,74.37999725341797
2024-10-25,71.77999877929688,76.05000305175781
2024-10-28,67.37999725341797,71.41999816894531
2024-10-29,67.20999908447266,71.12000274658203
2024-10-30,68.61000061035156,72.55000305175781
2024-10-31,69.26000213623047,73.16000366210938
2024-11-01,69.48999786376953,73.0999984741211
2024-11-04,71.47000122070312,75.08000183105469
2024-11-05,71.98999786376953,75.52999877929688
2024-11-06,71.69000244140625,74.91999816894531
2024-11-07,72.36000061035156,75.62999725341797
2024-11-08,70.37999725341797,73.87000274658203
2024-11-11,68.04000091552734,71.83000183105469
2024-11-12,68.12000274658203,71.88999938964844
2024-11-13,68.43000030517578,72.27999877929688
2024-11-14,68.69999694824219,72.55999755859375
2024-11-15,67.0199966430664,71.04000091552734
2024-11-18,69.16000366210938,73.30000305175781
2024-11-19,69.38999938964844,73.30999755859375
2024-11-20,68.87000274658203,72.80999755859375
2024-11-21,70.0999984741211,74.2300033569336
2024-11-22,71.23999786376953,75.16999816894531
2024-11-25,68.94000244140625,73.01000213623047
2024-11-26,68.7699966430664,72.80999755859375
2024-11-27,68.72000122070312,72.83000183105469
2024-11-29,68.0,72.94000244140625
2024-12-02,68.0999984741211,71.83000183105469
2024-12-03,69.94000244140625,73.62000274658203
2024-12-04,68.54000091552734,72.30999755859375
2024-12-05,68.30000305175781,72.08999633789062
2024-12-06,67.19999694824219,71.12000274658203
2024-12-09,68.37000274658203,72.13999938964844
2024-12-10,68.58999633789062,72.19000244140625
2024-12-11,70.29000091552734,73.5199966430664
2024-12-12,70.0199966430664,73.41000366210938
2024-12-13,71.29000091552734,74.48999786376953
2024-12-16,70.70999908447266,73.91000366210938
2024-12-17,70.08000183105469,73.19000244140625
2024-12-18,70.58000183105469,73.38999938964844
2024-12-19,69.91000366210938,72.87999725341797
2024-12-20,69.45999908447266,72.94000244140625
2024-12-23,69.23999786376953,72.62999725341797
2024-12-24,70.0999984741211,73.58000183105469
2024-12-26,69.62000274658203,73.26000213623047
2024-12-27,70.5999984741211,74.16999816894531
2024-12-30,70.98999786376953,74.38999938964844
2024-12-31,71.72000122070312,74.63999938964844
2025-01-02,73.12999725341797,75.93000030517578
2025-01-03,73.95999908447266,76.51000213623047
2025-01-06,73.55999755859375,76.30000305175781
2025-01-07,74.25,77.05000305175781
2025-01-08,73.31999969482422,76.16000366210938
2025-01-09,73.91999816894531,76.91999816894531
2025-01-10,76.56999969482422,79.76000213623047
2025-01-13,78.81999969482422,81.01000213623047
2025-01-14,77.5,79.91999816894531
2025-01-15,80.04000091552734,82.02999877929688
2025-01-16,78.68000030517578,81.29000091552734
2025-01-17,77.87999725341797,80.79000091552734
2025-01-21,75.88999938964844,79.29000091552734
2025-01-22,75.44000244140625,79.0
2025-01-23,74.62000274658203,78.29000091552734
2025-01-24,74.66000366210938,78.5
2025-01-27,73.16999816894531,77.08000183105469
2025-01-28,73.7699966430664,77.48999786376953
2025-01-29,72.62000274658203,76.58000183105469
2025-01-30,72.7300033569336,76.87000274658203
2025-01-31,72.52999877929688,76.76000213623047
2025-02-03,73.16000366210938,75.95999908447266
2025-02-04,72.69999694824219,76.19999694824219
2025-02-05,71.02999877929688,74.61000061035156
2025-02-06,70.61000061035156,74.29000091552734
2025-02-07,71.0,74.66000366210938
2025-02-10,72.31999969482422,75.87000274658203
2025-02-11,73.31999969482422,77.0
2025-02-12,71.37000274658203,75.18000030517578
2025-02-13,71.29000091552734,75.0199966430664
2025-02-14,70.73999786376953,74.73999786376953
2025-02-18,71.8499984741211,75.83999633789062
2025-02-19,72.25,76.04000091552734
2025-02-20,72.56999969482422,76.4800033569336
2025-02-21,70.4000015258789,74.43000030517578
2025-02-24,70.69999694824219,74.77999877929688
2025-02-25,68.93000030517578,73.0199966430664
2025-02-26,68.62000274658203,72.52999877929688
2025-02-27,70.3499984741211,74.04000091552734
2025-02-28,69.76000213623047,73.18000030517578
2025-03-03,68.37000274658203,71.62000274658203
2025-03-04,68.26000213623047,71.04000091552734
2025-03-05,66.30999755859375,69.30000305175781
2025-03-06,66.36000061035156,69.45999908447266
2025-03-07,67.04000091552734,70.36000061035156
2025-03-10,66.02999877929688,69.27999877929688
2025-03-11,66.25,69.55999755859375
2025-03-12,67.68000030517578,70.94999694824219
2025-03-13,66.55000305175781,69.87999725341797
2025-03-14,67.18000030517578,70.58000183105469
2025-03-17,67.58000183105469,71.06999969482422
2025-03-18,66.9000015258789,70.55999755859375
2025-03-19,67.16000366210938,70.77999877929688
2025-03-20,68.26000213623047,72.0
2025-03-21,68.27999877929688,72.16000366210938
2025-03-24,69.11000061035156,73.0
2025-03-25,69.0,73.0199966430664
2025-03-26,69.6500015258789,73.79000091552734
2025-03-27,69.91999816894531,74.02999877929688
2025-03-28,69.36000061035156,73.62999725341797
2025-03-31,71.4800033569336,74.73999786376953
2025-04-01,71.19999694824219,74.48999786376953
2025-04-02,71.70999908447266,74.94999694824219
2025-04-03,66.94999694824219,70.13999938964844
2025-04-04,61.9900016784668,65.58000183105469
2025-04-07,60.70000076293945,64.20999908447266
2025-04-08,59.58000183105469,62.81999969482422
2025-04-09,62.349998474121094,65.4800033569336
2025-04-10,60.06999969482422,63.33000183105469
2025-04-11,61.5,64.76000213623047
2025-04-14,61.529998779296875,64.87999725341797
2025-04-15,61.33000183105469,64.66999816894531
2025-04-16,62.470001220703125,65.8499984741211
2025-04-17,64.68000030517578,67.95999908447266
2025-04-21,63.08000183105469,66.26000213623047
2025-04-22,64.30999755859375,67.44000244140625
2025-04-23,62.27000045776367,66.12000274658203
2025-04-24,62.790000915527344,66.55000305175781
2025-04-25,63.02000045776367,66.87000274658203
2025-04-28,62.04999923706055,65.86000061035156
2025-04-29,60.41999816894531,64.25
2025-04-30,58.209999084472656,63.119998931884766
2025-05-01,59.2400016784668,62.130001068115234
2025-05-02,58.290000915527344,61.290000915527344
2025-05-05,57.130001068115234,60.22999954223633
2025-05-06,59.09000015258789,62.150001525878906
2025-05-07,58.06999969482422,61.119998931884766
2025-05-08,59.90999984741211,62.84000015258789
2025-05-09,61.02000045776367,63.90999984741211
2025-05-12,61.95000076293945,64.95999908447266
2025-05-13,63.66999816894531,66.62999725341797
2025-05-14,63.150001525878906,66.08999633789062
2025-05-15,61.619998931884766,64.52999877929688
2025-05-16,62.4900016784668,65.41000366210938
2025-05-19,62.689998626708984,65.54000091552734
2025-05-20,62.560001373291016,65.37999725341797
2025-05-21,61.56999969482422,64.91000366210938
2025-05-22,61.20000076293945,64.44000244140625
2025-05-23,61.529998779296875,64.77999877929688
2025-05-27,60.88999938964844,64.08999633789062
2025-05-28,61.84000015258789,64.9000015258789
2025-05-29,60.939998626708984,64.1500015258789
2025-05-30,60.790000915527344,63.900001525878906
2025-06-02,62.52000045776367,64.62999725341797
2025-06-03,63.40999984741211,65.62999725341797
2025-06-04,62.849998474121094,64.86000061035156
2025-06-05,63.369998931884766,65.33999633789062
2025-06-06,64.58000183105469,66.47000122070312
2025-06-09,65.29000091552734,67.04000091552734
2025-06-10,64.9800033569336,66.87000274658203
2025-06-11,68.1500015258789,69.7699966430664
2025-06-12,68.04000091552734,69.36000061035156
2025-06-13,72.9800033569336,74.2300033569336
2025-06-16,71.7699966430664,73.2300033569336
2025-06-17,74.83999633789062,76.44999694824219
2025-06-18,75.13999938964844,76.69999694824219
2025-06-20,74.93000030517578,77.01000213623047
2025-06-23,68.51000213623047,71.4800033569336
2025-06-24,64.37000274658203,67.13999938964844
2025-06-25,64.91999816894531,67.68000030517578
2025-06-26,65.23999786376953,67.7300033569336
2025-06-27,65.5199966430664,67.7699966430664
2025-06-30,65.11000061035156,67.61000061035156
2025-07-01,65.44999694824219,67.11000061035156
2025-07-02,67.44999694824219,69.11000061035156
2025-07-03,67.0,68.80000305175781
2025-07-04,66.5,68.29000091552734
2025-07-07,67.93000030517578,69.58000183105469
2025-07-08,68.33000183105469,70.1500015258789
2025-07-09,68.37999725341797,70.19000244140625
2025-07-10,66.56999969482422,68.63999938964844
2025-07-11,68.44999694824219,70.36000061035156
2025-07-14,66.9800033569336,69.20999908447266
2025-07-15,66.5199966430664,68.70999908447266
2025-07-16,66.37999725341797,68.5199966430664
2025-07-17,67.54000091552734,69.5199966430664
2025-07-18,67.33999633789062,69.27999877929688
2025-07-21,67.19999694824219,69.20999908447266
2025-07-22,66.20999908447266,68.58999633789062
2025-07-23,65.25,68.51000213623047
2025-07-24,66.02999877929688,69.18000030517578
2025-07-25,65.16000366210938,68.44000244140625
2025-07-28,66.70999908447266,70.04000091552734
2025-07-29,69.20999908447266,72.51000213623047
2025-07-30,70.0,73.23999786376953
